search-results__item-image href,search-results__item-image src,similar-list__item-position,group,group href,h2,item-location href,item-location src,item-location,score-text,similar-list__item-description,similar-list__item-description 2,similar-list__item-description href,search-results__item-description,search-results__item-link href 2,mini-ingredients__link href,mini-ingredients__image src,mini-ingredients__link href 2,mini-ingredients__image src 2,mini-ingredients__link href 3,mini-ingredients__image src 3,mini-ingredients__link href 4,mini-ingredients__image src 4,mini-ingredients__link href 5,mini-ingredients__image src 5,search-results__item-description 2,mini-ingredients__link href 6,mini-ingredients__image src 6
https://www.tasteatlas.com/churrasco,https://cdn.tasteatlas.com//images/dishes/3571507db7da42a49b116d559e68fb58.jpg?mw=660,1,Barbecue,https://www.tasteatlas.com/barbecue,Churrasco,https://www.tasteatlas.com/rio-grande-do-sul,https://cdn.tasteatlas.com/images/emblems/c9a9a64c55ac4be483d8e0fc76d25328.png,Rio Grande do Sul,4.4,Best in   (Rio de Janeiro),Churrascaria Palace,https://www.tasteatlas.com/churrascaria-palace,"Churrasco is a Brazilian barbecue method where juicy pieces, slices, steaks, and chops of beef, veal, lamb, pork, and chicken are placed on big skewers and grilled over wood fire. It started in the early 1800s when the Gauchos (European immigrants...",https://www.tasteatlas.com/churrasco/wheretoeat,https://www.tasteatlas.com/Beef,https://cdn.tasteatlas.com/images/ingredientgroups/3db7b6f60a934bc89f41a0c51acd08ac.png?h=120&w=120,https://www.tasteatlas.com/Chicken,https://cdn.tasteatlas.com/images/ingredientgroups/cc2384e25f3c4d52be5abe779ef2ad9b.png?h=120&w=120,https://www.tasteatlas.com/Lamb,https://cdn.tasteatlas.com/images/ingredientgroups/6303dec1aa394f72b07b8bf7e4572177.png?h=120&w=120,https://www.tasteatlas.com/Pork,https://cdn.tasteatlas.com/images/ingredientgroups/905dbdf1da5f4687bd091624f5e3180d.png?h=120&w=120,https://www.tasteatlas.com/Veal,https://cdn.tasteatlas.com/images/ingredientgroups/e00edb320df14cf19120266635476549.png?h=120&w=120,,,
https://www.tasteatlas.com/feijoada,https://cdn.tasteatlas.com//images/dishes/ddcefce88a9a4f968d2452be1ecaf2ee.jpg?mw=660,2,Stew,https://www.tasteatlas.com/Stews,Feijoada (Brazil),,,,4.1,Best in   (São Paulo),Figueira Rubaiyat,https://www.tasteatlas.com/FigueiraRubaiyat,"Feijoada or  is Brazil's national dish, a hearty stew featuring pork and black beans. The dish is consumed throughout the country, and every family in Brazil has their own, special recipe. Sautéed greens, cheese ro...",https://www.tasteatlas.com/feijoada/wheretoeat,https://www.tasteatlas.com/Beef,https://cdn.tasteatlas.com/images/ingredientgroups/3db7b6f60a934bc89f41a0c51acd08ac.png?h=120&w=120,https://www.tasteatlas.com/Pork,https://cdn.tasteatlas.com/images/ingredientgroups/905dbdf1da5f4687bd091624f5e3180d.png?h=120&w=120,https://www.tasteatlas.com/black-beans,https://cdn.tasteatlas.com/images/ingredientgroups/23e2317d37d54983bf78237cb224ee70.png?h=120&w=120,https://www.tasteatlas.com/Onions,https://cdn.tasteatlas.com/images/ingredientgroups/bf73aa24e1b745988f43388bbdd27322.png?h=120&w=120,https://www.tasteatlas.com/garlic,https://cdn.tasteatlas.com/images/ingredientgroups/5863714d901146c094f8228eb52c1fcb.png?h=120&w=120,feijoada completa,https://www.tasteatlas.com/oil,https://cdn.tasteatlas.com/images/ingredientgroups/de5ec455464d4e0494c0f9ec4d2b1b1d.png?h=120&w=120
https://www.tasteatlas.com/picanha,https://cdn.tasteatlas.com//images/dishes/df2fab8ced8f41a8bef7a2d4be68ef47.jpg?mw=660,3,Meat Cut,https://www.tasteatlas.com/meat-cuts,Picanha,,,,4.7,Best in   (Rio de Janeiro),Churrascaria Majórica,https://www.tasteatlas.com/ChurrascariaMajorica,"Picanha is a fresh cut of beef that's especially popular and highly prized in Brazil. In the US, it's called , and in the UK, it's known as the . Picanha is situated on the back side of the animal, above the bu...",https://www.tasteatlas.com/picanha/wheretoeat,,,,,,,,,,,sirloin cap,,
https://www.tasteatlas.com/coxinha,https://cdn.tasteatlas.com//Images/Dishes/929665f6d800440cb13ffde75ab76c07.jpg?mw=660,4,Snack,https://www.tasteatlas.com/Snacks,Coxinha,https://www.tasteatlas.com/sao-paulo-city,https://cdn.tasteatlas.com/images/emblems/111fd05c06474857b9dd4d53b046a1fd.png,São Paulo,4.4,Best in   (Santo André),Padaria Brasileira,https://www.tasteatlas.com/padaria-brasileira,"One of Brazil's favorite street foods, coxinha (lit. little thigh) is a crispy croquette filled with chicken meat and cream cheese that is cleverly shaped into a chicken drumstick, then breaded and deep-fried. Coxinha originated around São ...",https://www.tasteatlas.com/coxinha/wheretoeat,,,,,,,,,,,,,
https://www.tasteatlas.com/moqueca,https://cdn.tasteatlas.com//Images/Dishes/fb99478bb82b4e37812a1c31e89c5c5a.jpg?mw=660,5,Stew,https://www.tasteatlas.com/Stews,Moqueca,,,,4.6,Best in   (Salvador),Axego,https://www.tasteatlas.com/Axego,"Moqueca is a seafood stew with a base of palm oil and coconut milk or olive oil, combined with fish, lobster, shrimp, or any combination of those three ingredients. The dish is stewed in traditional clay pots along with vegetables and fresh herbs,...",https://www.tasteatlas.com/moqueca/wheretoeat,https://www.tasteatlas.com/lobsters,https://cdn.tasteatlas.com/images/ingredientgroups/be6b9286ffeb4b1495768f974f9d4a69.png?h=120&w=120,https://www.tasteatlas.com/shrimps,https://cdn.tasteatlas.com/images/ingredientgroups/bd6e8c1318d34f5a8021b84af6cefbaf.png?h=120&w=120,https://www.tasteatlas.com/White-fish,https://cdn.tasteatlas.com/images/ingredientgroups/673fcb2e26434e1ca0adcf5734d193fe.png?h=120&w=120,https://www.tasteatlas.com/coconut-milk,https://cdn.tasteatlas.com/images/ingredientgroups/9e4011ca64234cd0970eaa28d844f4b1.png?h=120&w=120,https://www.tasteatlas.com/Olive-oil,https://cdn.tasteatlas.com/images/ingredientgroups/51f74167400e4342a76839cfdaa89693.png?h=120&w=120,,https://www.tasteatlas.com/palm-oils,https://cdn.tasteatlas.com/images/ingredientgroups/8bfdd58629e84b4f8fc7bb9d67971cb3.png?h=120&w=120
https://www.tasteatlas.com/pao-de-queijo,https://cdn.tasteatlas.com//Images/Dishes/bdf15882a58648468b2e245242ebc280.jpg?mw=660,6,Bread,https://www.tasteatlas.com/Breads,Pão de queijo,https://www.tasteatlas.com/minas-gerais,https://cdn.tasteatlas.com/images/emblems/e89b8b44ba064d629b45ddd1357c99a5.png,Minas Gerais,4.6,Best in   (Belo Horizonte),A Pão de Queijaria,https://www.tasteatlas.com/a-pao-de-queijaria,"Literally translated to , pão de queijo has its origins in the culinary inventions of African slaves, when they started to use the residue of the cassava plant. A fine white powder, or starch, was rolled into balls and ...",https://www.tasteatlas.com/pao-de-queijo/wheretoeat,,,,,,,,,,,cheese bread,,
https://www.tasteatlas.com/farofa,https://cdn.tasteatlas.com//images/dishes/10a842354fc4499b972b2dc4533a782f.jpg?mw=660,7,Side Dish,https://www.tasteatlas.com/Sides,Farofa,,,,4.1,Best in   (Rio de Janeiro),Braseiro da Gávea,https://www.tasteatlas.com/BraseiroDaGavea,"Farofa is a common side dish in Brazil that no  (barbecue) is complete without. It consists of toasted manioc flour dressed up with complementary ingredients such as onions, olives, nuts, crispy bacon pieces, dried jerky, or fres...",https://www.tasteatlas.com/farofa/wheretoeat,https://www.tasteatlas.com/manioc-flours,https://cdn.tasteatlas.com/images/ingredientgroups/51406bf853a24dcaae4220b58b270de4.png?h=120&w=120,https://www.tasteatlas.com/Butter,https://cdn.tasteatlas.com/images/ingredientgroups/82d84a396a544682bb2954283d8666e6.png?h=120&w=120,https://www.tasteatlas.com/Salt,https://cdn.tasteatlas.com/images/ingredientgroups/812de2786a274b7e85a4c54cc0fb40d2.png?h=120&w=120,,,,,churrasco,,
https://www.tasteatlas.com/carne-de-sol,https://cdn.tasteatlas.com//Images/Dishes/25b5314c9c324355a043846c762b7a90.jpg?mw=660,8,Meat Dish,https://www.tasteatlas.com/Meat-dishes,Carne de sol,https://www.tasteatlas.com/northeast-region,,Northeast Region,4.3,Best in   (São Luís),Cabana do Sol,https://www.tasteatlas.com/CabanaDoSol,"A staple of Northeastern Brazil, carne de sol (lit. meat of the sun) - sometimes also called  or simply  - refers to heavily salted, sun-dried meat. Carne de sol is traditionally prepared with either bee...",https://www.tasteatlas.com/carne-de-sol/wheretoeat,https://www.tasteatlas.com/Beef,https://cdn.tasteatlas.com/images/ingredientgroups/3db7b6f60a934bc89f41a0c51acd08ac.png?h=120&w=120,https://www.tasteatlas.com/Salt,https://cdn.tasteatlas.com/images/ingredientgroups/812de2786a274b7e85a4c54cc0fb40d2.png?h=120&w=120,,,,,,,carne de sereno,,
https://www.tasteatlas.com/escondidinho,https://cdn.tasteatlas.com//images/dishes/9ff66fd2f9bf4cc581ce163f07d25d8a.jpg?mw=660,9,Casserole,https://www.tasteatlas.com/casserole,Escondidinho,,,,4.5,Best in   (Porto de Galinhas),Restaurante Barcaxeira,https://www.tasteatlas.com/RestauranteBarcaxeira,"Escondidinho is a traditional Brazilian casserole. It can be made with a variety of ingredients – beef, chicken, fish, pork, or shrimp. The original one is called escondidinho de carne seca, made with a combination of dried and salted meat a...",https://www.tasteatlas.com/escondidinho/wheretoeat,,,,,,,,,,,,,
https://www.tasteatlas.com/beijinho,https://cdn.tasteatlas.com//Images/Dishes/bfd88846bc82475187bdc25001aa5e08.jpg?mw=660,10,Dessert,https://www.tasteatlas.com/Desserts,Beijinho,,,,4.2,Best in   (Natal),Casa de Taipa Tapiocaria,https://www.tasteatlas.com/casa-de-taipa-tapiocaria,"Beijinhos, literally translated to , are popular Brazilian treats made from sweetened condensed milk, butter, and coconut. Rolled into tiny balls, topped with some more shredded coconut and a clove on top, beijinhos are tradi...",https://www.tasteatlas.com/beijinho/wheretoeat,,,,,,,,,,,little kisses,,
https://www.tasteatlas.com/brigadeiro,https://cdn.tasteatlas.com//Images/Dishes/b3e5d1f6fd5c4d5b8988dc1fae01f7a0.jpg?mw=660,11,Chocolate Dessert,https://www.tasteatlas.com/chocolate-desserts,Brigadeiro,,,,4.4,Best in   (São Paulo),Maria Brigadeiro,https://www.tasteatlas.com/MariaBrigadeiro,"Brigadeiro is a decadent Brazilian dessert made by heating three key ingredients together - unsalted butter, cocoa powder, and condensed milk, which are then rolled into a small ball, similar in shape to a truffle. First made in the 1940s, when fr...",https://www.tasteatlas.com/brigadeiro/wheretoeat,https://www.tasteatlas.com/Butter,https://cdn.tasteatlas.com/images/ingredientgroups/82d84a396a544682bb2954283d8666e6.png?h=120&w=120,https://www.tasteatlas.com/cocoa-powders,https://cdn.tasteatlas.com/images/ingredientgroups/bd9f7727f40c4cabb31ce5d2cb310d99.png?h=120&w=120,https://www.tasteatlas.com/condensed-milk,https://cdn.tasteatlas.com/images/ingredientgroups/bc2b9a3ae21642f9819aff5afd874137.png?h=120&w=120,https://www.tasteatlas.com/Chocolate,https://cdn.tasteatlas.com/images/ingredientgroups/55f79b1267184622bb38fc2e41b2203e.png?h=120&w=120,,,,,
https://www.tasteatlas.com/pastel,https://cdn.tasteatlas.com//Images/Dishes/6f61311ba274414783a9ace5febcc643.jpg?mw=660,12,Savory Pastry,https://www.tasteatlas.com/savory-pastry,Pastel,,,,4.3,Best in   (São Paulo),Hocca Bar,https://www.tasteatlas.com/HoccaBar,"One of the most common fast food items in Brazil is known as pastel, a deep-fried, stuffed pastry. This half-circle or rectangle-shaped miniature pie is stuffed with a variety of ingredients, most commonly shredded chicken, ground beef, mozzarella...",https://www.tasteatlas.com/pastel/wheretoeat,,,,,,,,,,,,,
https://www.tasteatlas.com/feijao-tropeiro,https://cdn.tasteatlas.com//images/dishes/5c35290f58994cdda66f269a5a0aaeff.jpg?mw=660,13,Meat Dish,https://www.tasteatlas.com/Meat-dishes,Feijão tropeiro,https://www.tasteatlas.com/minas-gerais,https://cdn.tasteatlas.com/images/emblems/e89b8b44ba064d629b45ddd1357c99a5.png,Minas Gerais,4.6,Best in   (Ouro Preto),Bené da Flauta,https://www.tasteatlas.com/BeneDaFlauta,"Feijão tropeiro is a traditional dish from the Brazilian state of Minas Gerais. A favorite dish of cattle rangers (), it consists of beans that are cooked with salted or dried meat, manioc flour, and various flavorings, he...",https://www.tasteatlas.com/feijao-tropeiro/wheretoeat,https://www.tasteatlas.com/manioc-flours,https://cdn.tasteatlas.com/images/ingredientgroups/51406bf853a24dcaae4220b58b270de4.png?h=120&w=120,https://www.tasteatlas.com/Beans,https://cdn.tasteatlas.com/images/ingredientgroups/beb3c7faee1444a98263bf3973fc3e5c.png?h=120&w=120,https://www.tasteatlas.com/Collard-greens,https://cdn.tasteatlas.com/images/ingredientgroups/f987830f4261492286dab34d44b81abe.png?h=120&w=120,https://www.tasteatlas.com/kielbasa,https://cdn.tasteatlas.com/images/dishes/d63d9f613346426aa30c681a54dcb16c.png?h=120&w=120,https://www.tasteatlas.com/bacon,https://cdn.tasteatlas.com/images/ingredientgroups/76f141b8f5694b728b11e0ea053b399e.png?h=120&w=120,tropeiros,https://www.tasteatlas.com/Onions,https://cdn.tasteatlas.com/images/ingredientgroups/bf73aa24e1b745988f43388bbdd27322.png?h=120&w=120
https://www.tasteatlas.com/pudim-de-leite-condensado,https://cdn.tasteatlas.com//images/dishes/572bd6cf22ae46ff90ab8d92baee709b.jpg?mw=660,14,Pudding,https://www.tasteatlas.com/puddings,Pudim de leite condensado,,,,4.5,,,,"This traditional Brazilian dessert is a type of creamy, caramel-coated custard flan. Although there are as many variations on the dessert as there are families in Brazil (and throughout Latin America), the standa...",https://www.tasteatlas.com/pudim-de-leite-condensado/wheretoeat,,,,,,,,,,,,,
https://www.tasteatlas.com/bolo-de-brigadeiro,https://cdn.tasteatlas.com//images/dishes/57731b4b4f7a4e71bdda83bb1e69dd65.jpg?mw=660,15,Chocolate Cake,https://www.tasteatlas.com/chocolate-cakes,Bolo de brigadeiro,,,,4.4,Best in   (Rio de Janeiro),Irajá Gastrô,https://www.tasteatlas.com/iraja-gastro,"Bolo de brigadeiro is a traditional Brazilian cake that's a staple at birthday parties. The cake consists of three layers of tender and moist crumb, chocolate cake, and the fudgy brigadeiro filling and frosting that's made with a combination of co...",https://www.tasteatlas.com/bolo-de-brigadeiro/wheretoeat,,,,,,,,,,,,,
https://www.tasteatlas.com/x-tudo,https://cdn.tasteatlas.com//images/dishes/d875d031f3364ca5852050d0e81b306f.jpg?mw=660,16,Burger,https://www.tasteatlas.com/burgers,X-Tudo,,,,3.8,Best in   (Belo Horizonte),X-Tudo Sanduíches - Unidade Savassi,https://www.tasteatlas.com/x-tudo-sanduiches---unidade-savassi,"X-Tudo is an unusually tall burger originating from Brazil. Although not much is known about its invention, this burger (which means  or  when translated) has no fixed ingredients, but it always ha...",https://www.tasteatlas.com/x-tudo/wheretoeat,https://www.tasteatlas.com/Beef,https://cdn.tasteatlas.com/images/ingredientgroups/3db7b6f60a934bc89f41a0c51acd08ac.png?h=120&w=120,https://www.tasteatlas.com/burger-buns,https://cdn.tasteatlas.com/images/ingredientgroups/ebaad11172ee4fae9c47fae670443b11.png?h=120&w=120,https://www.tasteatlas.com/Cheese,https://cdn.tasteatlas.com/images/ingredientgroups/764215a242064199930b80927dfbc2f0.png?h=120&w=120,https://www.tasteatlas.com/bacon,https://cdn.tasteatlas.com/images/ingredientgroups/76f141b8f5694b728b11e0ea053b399e.png?h=120&w=120,https://www.tasteatlas.com/Lettuce,https://cdn.tasteatlas.com/images/ingredientgroups/7e0f57e1acdf4336ae728bbaf80a1f36.png?h=120&w=120,with everything,https://www.tasteatlas.com/Tomatoes,https://cdn.tasteatlas.com/images/ingredientgroups/72ddcc5fa8d7439d9f190499aa559132.png?h=120&w=120
https://www.tasteatlas.com/galinhada,https://cdn.tasteatlas.com//Images/Dishes/04406076d7b84f5c852a0392929e6024.jpg?mw=660,17,Stew,https://www.tasteatlas.com/Stews,Galinhada,https://www.tasteatlas.com/goias,https://cdn.tasteatlas.com/images/emblems/a23c239b5b484ddf959c5cc951f0eb72.png,Goiás,4.3,Best in   (São Paulo),Bar da Dona Onça,https://www.tasteatlas.com/BarDaDonaOnca,"Galinhada is a Brazilian stew made with rice and chicken. It is a popular dish throughout Brazil, especially in the states of Goiás and Minas Gerais, during special occasions and festivities. The name of the dish is derived from the Portugu...",https://www.tasteatlas.com/galinhada/wheretoeat,https://www.tasteatlas.com/Chicken,https://cdn.tasteatlas.com/images/ingredientgroups/cc2384e25f3c4d52be5abe779ef2ad9b.png?h=120&w=120,https://www.tasteatlas.com/Rice,https://cdn.tasteatlas.com/images/ingredientgroups/17d658e3b3964b849c47b9469c8e6465.png?h=120&w=120,https://www.tasteatlas.com/scallions,https://cdn.tasteatlas.com/images/ingredientgroups/b67f7d1375b542e6983e7b9d3750603f.png?h=120&w=120,https://www.tasteatlas.com/Tomatoes,https://cdn.tasteatlas.com/images/ingredientgroups/72ddcc5fa8d7439d9f190499aa559132.png?h=120&w=120,https://www.tasteatlas.com/bell-peppers,https://cdn.tasteatlas.com/images/ingredientgroups/0f922f485f1b427393a6cd5a69f66b6f.png?h=120&w=120,,https://www.tasteatlas.com/saffron,https://cdn.tasteatlas.com/images/ingredientgroups/7e13c46cefc54903a5488b0b229a670c.png?h=120&w=120
https://www.tasteatlas.com/baiao-de-dois,https://cdn.tasteatlas.com//images/dishes/b10d33557ec34df8aff5f631344e309e.jpg?mw=660,18,Rice Dish,https://www.tasteatlas.com/Rice-dishes,Baião-de-dois,https://www.tasteatlas.com/ceara,https://cdn.tasteatlas.com/images/emblems/c5f54f8c57374ebf9bef30c04d6bf1b9.png,Ceará,4.3,Best in   (São Paulo),Esquina Mocotó,https://www.tasteatlas.com/EsquinaMocoto,"Baião is a traditional folk dance of the Brazilian Ceará region, which was popularized by two musicians, Humberto Teixeira and Luís Gonzaga, in a song called  (). The n...",https://www.tasteatlas.com/baiao-de-dois/wheretoeat,,,,,,,,,,,Baião-de-dois,,
https://www.tasteatlas.com/mousse-de-maracuja,https://cdn.tasteatlas.com//Images/Dishes/5b69a6cffee9429a896a90104731657b.jpg?mw=660,19,Dessert,https://www.tasteatlas.com/Desserts,Mousse de maracujá,,,,4.6,Best in   (São Paulo),Carlo's Bakery,https://www.tasteatlas.com/CarlosBakery-SaoPaulo,"It is said that if Brazil had to declare a national dessert, it would most likely be mousse de maracujá, or passion fruit mousse. The dessert consists of fresh passion fruit, sweetened milk, and , a product similar to...",https://www.tasteatlas.com/mousse-de-maracuja/wheretoeat,https://www.tasteatlas.com/passion-fruits,https://cdn.tasteatlas.com/images/ingredientgroups/3333d352f7704166b94ea426146e6667.png?h=120&w=120,https://www.tasteatlas.com/condensed-milk,https://cdn.tasteatlas.com/images/ingredientgroups/bc2b9a3ae21642f9819aff5afd874137.png?h=120&w=120,https://www.tasteatlas.com/Cream,https://cdn.tasteatlas.com/images/ingredientgroups/a76acdd303af40d8a855f274ac9ac6d4.png?h=120&w=120,,,,,creme de leite,,
https://www.tasteatlas.com/quindim,https://cdn.tasteatlas.com//Images/Dishes/7be6f7bf95a546e8b112fd8b33e0e32c.jpg?mw=660,20,Custard,https://www.tasteatlas.com/custards,Quindim,https://www.tasteatlas.com/bahia,https://cdn.tasteatlas.com/images/emblems/61159beb672840159f10325605bb33a8.png,Bahia,4.2,Best in   (São Paulo),Pão de Queijo Haddock Lobo,https://www.tasteatlas.com/PaoDeQueijoHaddockLobo,"Quindim is a traditional Brazilian coconut custard cake made with sugar, egg yolks, and ground coconut. The most popular theory about the origin of the dish suggests that it was invented in the 17th century in the northeast of Brazil by African sl...",https://www.tasteatlas.com/quindim/wheretoeat,,,,,,,,,,,,,
https://www.tasteatlas.com/acaraje,https://cdn.tasteatlas.com//images/dishes/f565b09227b742b3a5b7b5914227d5ae.jpg?mw=660,21,Street Food,https://www.tasteatlas.com/Street-food,Acarajé,https://www.tasteatlas.com/bahia,https://cdn.tasteatlas.com/images/emblems/61159beb672840159f10325605bb33a8.png,Bahia,4.2,Best in   (Salvador),Acarajé da Dinha,https://www.tasteatlas.com/AcarajeDaDinha,"In Bahia, the northeastern state of Brazil, there is a dish that is considered to be the most popular street food around, called acarajé. It consists of peeled beans or black-eyed peas that are formed into a ball, deep-fried in",https://www.tasteatlas.com/acaraje/wheretoeat,,,,,,,,,,,dend&eac...,,
https://www.tasteatlas.com/bobo-de-camarao,https://cdn.tasteatlas.com//Images/Dishes/c77a1f3f7eaf4f8e9b8cea46d12434cb.jpg?mw=660,22,Stew,https://www.tasteatlas.com/Stews,Bobó de camarão,https://www.tasteatlas.com/bahia,https://cdn.tasteatlas.com/images/emblems/61159beb672840159f10325605bb33a8.png,Bahia,4.4,Best in   (Rio de Janeiro),Aconchego Carioca,https://www.tasteatlas.com/AconchegoCarioca,"A classic dish of the Brazilian Bahia region, bobó de camarão is a stew made with puréed cassava (), fresh shrimps, coconut milk, and  palm oil. The word  comes from ...",https://www.tasteatlas.com/bobo-de-camarao/wheretoeat,https://www.tasteatlas.com/cassava,https://cdn.tasteatlas.com/images/dishes/7de3408e3fa643339babc0a97f863500.png?h=120&w=120,https://www.tasteatlas.com/shrimps,https://cdn.tasteatlas.com/images/ingredientgroups/bd6e8c1318d34f5a8021b84af6cefbaf.png?h=120&w=120,https://www.tasteatlas.com/coconut-milk,https://cdn.tasteatlas.com/images/ingredientgroups/9e4011ca64234cd0970eaa28d844f4b1.png?h=120&w=120,https://www.tasteatlas.com/palm-oils,https://cdn.tasteatlas.com/images/ingredientgroups/8bfdd58629e84b4f8fc7bb9d67971cb3.png?h=120&w=120,https://www.tasteatlas.com/Rice,https://cdn.tasteatlas.com/images/ingredientgroups/17d658e3b3964b849c47b9469c8e6465.png?h=120&w=120,bobó,,
https://www.tasteatlas.com/rabanada,https://cdn.tasteatlas.com//images/dishes/5c33b6059a634e6195f80ff37c3f0997.jpg?mw=660,23,Dessert,https://www.tasteatlas.com/Desserts,Rabanada,,,,3.9,Best in   (São Paulo),Sal Gastronomia,https://www.tasteatlas.com/sal-gastronomia,"Rabanada is the Brazilian version of french toast. It's made with round or oval stale bread cut in thick slices that's dipped in milk (or milk, sugar, and vanilla) and beaten eggs, fried in oil, then sprinkled with cinnamon sugar. As a result, rab...",https://www.tasteatlas.com/rabanada/wheretoeat,,,,,,,,,,,,,
https://www.tasteatlas.com/canjica,https://cdn.tasteatlas.com//Images/Dishes/9fe99ad264f4467797da9de637465db5.jpg?mw=660,24,Dessert,https://www.tasteatlas.com/Desserts,Canjica,,,,4.0,Best in   (Bonito),Fazenda Rio do Peixe,https://www.tasteatlas.com/FazendaRioDoPeixe,"Canjica or  is a sweet Brazilian dish made with dry white maize kernels. It is usually cooked in milk and resembles a pudding or a porridge. Traditionally, Brazilians spice it with cinnamon and grated coconut, and occasional...",https://www.tasteatlas.com/canjica/wheretoeat,,,,,,,,,,,mugunzá,,
https://www.tasteatlas.com/fraldinha,https://cdn.tasteatlas.com//images/dishes/30ab1d19adfd4d1ea13e1308ea6af7da.jpg?mw=660,25,Meat Cut,https://www.tasteatlas.com/meat-cuts,Fraldinha,,,,4.5,Best in   (São Paulo),Templo da Carne Marcos Bassi,https://www.tasteatlas.com/templo-da-carne-marcos-bassi,"Fraldinha or flank steak is a meat cut that's traditionally used for churrasco. This beef cut is long and thin, full of connective tissue. This strong marbling is the reason why the meat is traditionally cut against the grain before it's grilled. ...",https://www.tasteatlas.com/fraldinha/wheretoeat,,,,,,,,,,,,,
https://www.tasteatlas.com/arroz-carreteiro,https://cdn.tasteatlas.com//images/dishes/d18efd46f37740d9951e9ce5a3b2a396.jpg?mw=660,26,Rice Dish,https://www.tasteatlas.com/Rice-dishes,Arroz carreteiro,https://www.tasteatlas.com/south-region,,South Region,4.5,Best in   (Bauru),Churrascaria Baby Buffalo,https://www.tasteatlas.com/churrascaria-baby-buffalo,"Arroz carreteiro or  is a hearty rice and meat dish hailing from the south of Brazil. Originally, it was prepared by gauchos who needed a nutritious meal on their travels. Back then, arroz carreteiro was made with dried beef...",https://www.tasteatlas.com/arroz-carreteiro/wheretoeat,,,,,,,,,,,wagoner's rice,,
https://www.tasteatlas.com/acai-na-tigela,https://cdn.tasteatlas.com//Images/Dishes/acd5b1f4d32e405097367dcadb7c00c1.jpg?mw=660,27,Dessert,https://www.tasteatlas.com/Desserts,Açaí na tigela,,,,4.3,Best in   (Rio de Janeiro),Amazônia Soul,https://www.tasteatlas.com/AmazoniaSoul,"Açaí na tigela is a versatile Brazilian dessert made with mashed açaí berries, usually served in a bowl, topped with banana and granola, and combined with other fruits and guaraná syrup. The açaí pa...",https://www.tasteatlas.com/acai-na-tigela/wheretoeat,,,,,,,,,,,,,
https://www.tasteatlas.com/salpicao,https://cdn.tasteatlas.com//images/dishes/a6c8793b894c44afbdfaf6eff582fe6e.jpg?mw=660,28,Salad,https://www.tasteatlas.com/Salads,Salpicão,,,,4.0,Best in   (Rio de Janeiro),Restaurante Cervantes,https://www.tasteatlas.com/restaurante-cervantes,"Salpicão is the Brazilian version of a chicken salad with numerous variations. Generally, it consists of a few key ingredients: cooked and shredded chicken, fruits, vegetables, and a binding agent, in this case – mayonnaise. The salad...",https://www.tasteatlas.com/salpicao/wheretoeat,,,,,,,,,,,,,
https://www.tasteatlas.com/mocoto,https://cdn.tasteatlas.com//Images/Dishes/45f1c5ec48e64dc28739ea65f5cebf75.jpg?mw=660,29,Stew,https://www.tasteatlas.com/Stews,Mocotó,,,,3.7,Best in   (São Paulo),Mocotó,https://www.tasteatlas.com/mocoto-sao-paulo,"Mocotó is a popular Brazilian stew made from cow's feet, beans, and various vegetables. The name of the dish stems from the Kimbundu word . Nutritious and inexpensive, the stew was originally made by slaves who used c...",https://www.tasteatlas.com/mocoto/wheretoeat,https://www.tasteatlas.com/Veal,https://cdn.tasteatlas.com/images/ingredientgroups/e00edb320df14cf19120266635476549.png?h=120&w=120,https://www.tasteatlas.com/Beans,https://cdn.tasteatlas.com/images/ingredientgroups/beb3c7faee1444a98263bf3973fc3e5c.png?h=120&w=120,https://www.tasteatlas.com/cumin,https://cdn.tasteatlas.com/images/ingredientgroups/4249a750e5b54ffb8fb873a2c5463d06.png?h=120&w=120,https://www.tasteatlas.com/annatto-powder,https://cdn.tasteatlas.com/images/ingredientgroups/46c4a64b09a848c68ead6431aaa66031.png?h=120&w=120,https://www.tasteatlas.com/coriander,https://cdn.tasteatlas.com/images/ingredientgroups/6070111d940042ddab6019a86951fc8b.png?h=120&w=120,mbokotó,https://www.tasteatlas.com/Ciders,https://cdn.tasteatlas.com/images/ingredientgroups/6cbc362eab80422ab48b2b16637b5d3b.png?h=120&w=120
https://www.tasteatlas.com/pamonha,https://cdn.tasteatlas.com//Images/Dishes/1d2dedc13224482f8a025879f021bfc4.jpg?mw=660,30,Wrap,https://www.tasteatlas.com/wraps,Pamonha,,,,3.9,Best in   (Goiânia),Frutos da Terra,https://www.tasteatlas.com/frutos-da-terra,"Similar to Mexican tamales, pamonha is a traditional Brazilian dish made with fresh corn. The dough, or more precisely the paste, is made out of grated and juiced corn. It is tightly wrapped in fresh corn husks and cooked in boiling water. Dependi...",https://www.tasteatlas.com/pamonha/wheretoeat,,,,,,,,,,,,,
https://www.tasteatlas.com/pe-de-moleque,https://cdn.tasteatlas.com//Images/Dishes/8aa6429e4bdf4548ad674c4de876539d.jpg?mw=660,31,Dessert,https://www.tasteatlas.com/Desserts,Pé-de-moleque,,,,4.1,Best in   (Piranguinho),Barraca Vermelha,https://www.tasteatlas.com/barraca-vermelha,"Pé-de-moleque is a traditional Brazilian candy made from peanuts and — unrefined cane sugar. The process of preparing it is quite simple – peanuts are incorporated into melted sugar, and the entire mixture is p...",https://www.tasteatlas.com/pe-de-moleque/wheretoeat,,,,,,,,,,,rapadura,,
https://www.tasteatlas.com/cajuzinho,https://cdn.tasteatlas.com//Images/Dishes/5dc1d7a7e49b424096b8a1bcfe014881.jpg?mw=660,32,Dessert,https://www.tasteatlas.com/Desserts,Cajuzinho,,,,4.2,Best in   (Tiradentes),Chico Doceiro,https://www.tasteatlas.com/ChicoDoceiro,"Although this sweet treat typically does not contain any cashews, its name, , literally means . It consists of finely chopped or ground peanuts, condensed milk, sugar, and cocoa powder, shaped into small, co...",https://www.tasteatlas.com/cajuzinho/wheretoeat,,,,,,,,,,,cajuzinho,,
https://www.tasteatlas.com/vaca-atolada,https://cdn.tasteatlas.com//images/dishes/1f1cabc4f1e9469484a4fe6967503cdb.jpg?mw=660,33,Beef Dish,https://www.tasteatlas.com/beef-dishes,Vaca atolada,https://www.tasteatlas.com/minas-gerais,https://cdn.tasteatlas.com/images/emblems/e89b8b44ba064d629b45ddd1357c99a5.png,Minas Gerais,4.6,Best in   (São Paulo),Casinha Mineira,https://www.tasteatlas.com/casinha-mineira,"Vaca atolada is a Brazilian meat dish prepared with beef ribs, garlic, onions, tomatoes, parsley, cassava, chili peppers, and (if available) ground  (urucum seed). The marinated meat is cooked and drenched in a thick sauce, hence t...",https://www.tasteatlas.com/vaca-atolada/wheretoeat,https://www.tasteatlas.com/Beef,https://cdn.tasteatlas.com/images/ingredientgroups/3db7b6f60a934bc89f41a0c51acd08ac.png?h=120&w=120,https://www.tasteatlas.com/garlic,https://cdn.tasteatlas.com/images/ingredientgroups/5863714d901146c094f8228eb52c1fcb.png?h=120&w=120,https://www.tasteatlas.com/Onions,https://cdn.tasteatlas.com/images/ingredientgroups/bf73aa24e1b745988f43388bbdd27322.png?h=120&w=120,https://www.tasteatlas.com/cassava,https://cdn.tasteatlas.com/images/dishes/7de3408e3fa643339babc0a97f863500.png?h=120&w=120,https://www.tasteatlas.com/Tomatoes,https://cdn.tasteatlas.com/images/ingredientgroups/72ddcc5fa8d7439d9f190499aa559132.png?h=120&w=120,colorau,https://www.tasteatlas.com/Hot-peppers,https://cdn.tasteatlas.com/images/ingredientgroups/e02c316cda454fff9c282a56a480b458.png?h=120&w=120
https://www.tasteatlas.com/vatapa,https://cdn.tasteatlas.com//Images/Dishes/83b3e9c5da4c48b0a0181e5f2e424185.jpg?mw=660,34,Stew,https://www.tasteatlas.com/Stews,Vatapá,https://www.tasteatlas.com/bahia,https://cdn.tasteatlas.com/images/emblems/61159beb672840159f10325605bb33a8.png,Bahia,4.7,Best in   (Salvador),Casa da Gamboa,https://www.tasteatlas.com/CasaDaGamboa,"Rich, substantial, and tropically flavored - vatapá is one of the most famous Brazilian dishes, a main course consisting of a combination of stale bread, fish, shrimp, coconut milk, manioc flour,  palm oil, and cashews. ...",https://www.tasteatlas.com/vatapa/wheretoeat,https://www.tasteatlas.com/Breads,https://cdn.tasteatlas.com/images/dishgroups/1cf6c4cfb4354189b4bc5bb6a46ad000.png?h=120&w=120,https://www.tasteatlas.com/shrimps,https://cdn.tasteatlas.com/images/ingredientgroups/bd6e8c1318d34f5a8021b84af6cefbaf.png?h=120&w=120,https://www.tasteatlas.com/coconut-milk,https://cdn.tasteatlas.com/images/ingredientgroups/9e4011ca64234cd0970eaa28d844f4b1.png?h=120&w=120,https://www.tasteatlas.com/Flour,https://cdn.tasteatlas.com/images/ingredientgroups/6980492bc1fb48d292831ababd8816c3.png?h=120&w=120,https://www.tasteatlas.com/palm-oils,https://cdn.tasteatlas.com/images/ingredientgroups/8bfdd58629e84b4f8fc7bb9d67971cb3.png?h=120&w=120,dendê,https://www.tasteatlas.com/Cashews,https://cdn.tasteatlas.com/images/ingredientgroups/e3db9e38eecc4cde8846d0d1a9af3797.png?h=120&w=120
https://www.tasteatlas.com/cachorro-quente,https://cdn.tasteatlas.com//Images/Dishes/47f64630553347a996ddbd07de30783b.jpg?mw=660,35,Hot Dog,https://www.tasteatlas.com/hot-dogs,Cachorro quente,,,,4.1,Best in   (São Paulo),Pedrinho Hot Dog,https://www.tasteatlas.com/PedrinhoHotDog,"Cachorro quente is the Brazilian version of a hot dog consisting of a bread roll filled with sausage links, ground beef in a chunky tomato sauce with green peppers and onions, and melted cheese. The dish is traditionally served with a wide variety...",https://www.tasteatlas.com/cachorro-quente/wheretoeat,,,,,,,,,,,,,
https://www.tasteatlas.com/bauru,https://cdn.tasteatlas.com//images/dishes/710b50c4e8ef474086b75e8d5519dc1e.jpg?mw=660,36,Sandwich,https://www.tasteatlas.com/sandwiches,Bauru,https://www.tasteatlas.com/sao-paulo-city,https://cdn.tasteatlas.com/images/emblems/111fd05c06474857b9dd4d53b046a1fd.png,São Paulo,4.3,Best in   (São Paulo),Ponto Chic,https://www.tasteatlas.com/PontoChic,"A true Brazilian classic, Bauru is a sandwich consisting of a crusty bread roll without the soft bread inside, stuffed with melted cheese, tomatoes, sliced pickles, and roast beef. Bauru was invented in the 1930s by Casemiro Pinto Neto, also known...",https://www.tasteatlas.com/bauru/wheretoeat,,,,,,,,,,,,,
https://www.tasteatlas.com/bolo-de-rolo,https://cdn.tasteatlas.com//Images/Dishes/8f1706771cb549f289c5dcbee950f923.jpg?mw=660,37,Dessert,https://www.tasteatlas.com/Desserts,Bolo de rolo,https://www.tasteatlas.com/pernambuco,https://cdn.tasteatlas.com/images/emblems/12bf6200d5ba4af29da63eaeca96e831.png,Pernambuco,4.3,Best in   (Recife),Casa dos Frios,https://www.tasteatlas.com/CasaDosFrios,"Bolo de rolo is a traditional Brazilian dessert with origins in the state of Pernambuco. This rolled guava cake is similar to a  or a ; however, its preparation is much more complicated. It incorporates m...",https://www.tasteatlas.com/bolo-de-rolo/wheretoeat,,,,,,,,,,,jelly roll cake,,
https://www.tasteatlas.com/maria-mole,https://cdn.tasteatlas.com//Images/Dishes/83f2828501684a4c994285396cad1801.jpg?mw=660,38,Dessert,https://www.tasteatlas.com/Desserts,Maria-mole,https://www.tasteatlas.com/sao-paulo-city,https://cdn.tasteatlas.com/images/emblems/111fd05c06474857b9dd4d53b046a1fd.png,São Paulo,3.6,,,,"Maria-mole, literally translated to , is a popular Brazilian dessert that is similar in appearance to a marshmallow, but even softer, usually consisting of sugar, gelatin, coconut, and egg whites. The dessert is so popular that t...",https://www.tasteatlas.com/maria-mole/wheretoeat,,,,,,,,,,,soft Mary,,
https://www.tasteatlas.com/caruru,https://cdn.tasteatlas.com//Images/Dishes/b9a2181d239346af9d4791bd0e39aa32.jpg?mw=660,39,Stew,https://www.tasteatlas.com/Stews,Caruru,https://www.tasteatlas.com/bahia,https://cdn.tasteatlas.com/images/emblems/61159beb672840159f10325605bb33a8.png,Bahia,4.0,Best in   (Salvador),Dona Mariquita,https://www.tasteatlas.com/DonaMariquita,"Caruru is a Brazilian dish consisting of okra, dried shrimps, onions, and toasted nuts cooked in  palm oil. In the Bahia region, caruru is traditionally consumed as a condiment alongside , a type of stree...",https://www.tasteatlas.com/caruru/wheretoeat,https://www.tasteatlas.com/shrimps,https://cdn.tasteatlas.com/images/ingredientgroups/bd6e8c1318d34f5a8021b84af6cefbaf.png?h=120&w=120,https://www.tasteatlas.com/Okras,https://cdn.tasteatlas.com/images/ingredientgroups/3e3df0ccbd2442e19dbf2177d5c5c616.png?h=120&w=120,https://www.tasteatlas.com/Onions,https://cdn.tasteatlas.com/images/ingredientgroups/bf73aa24e1b745988f43388bbdd27322.png?h=120&w=120,https://www.tasteatlas.com/nuts,https://cdn.tasteatlas.com/images/ingredientgroups/0641a2da3cfe4d998fced5b092b43999.png?h=120&w=120,https://www.tasteatlas.com/palm-oils,https://cdn.tasteatlas.com/images/ingredientgroups/8bfdd58629e84b4f8fc7bb9d67971cb3.png?h=120&w=120,dendê,https://www.tasteatlas.com/acaraje,https://cdn.tasteatlas.com/images/dishes/1c052ddc84ae4752b6e155d33bf58313.png?h=120&w=120
https://www.tasteatlas.com/manicoba,https://cdn.tasteatlas.com//images/dishes/37e5198b44ef43448c64cc687f328f2f.jpg?mw=660,40,Stew,https://www.tasteatlas.com/Stews,Maniçoba,https://www.tasteatlas.com/para,https://cdn.tasteatlas.com/images/emblems/47eeb79619dd4357911a7e4ba04dc39c.png,Pará,4.5,Best in   (Belém),Lá em Casa,https://www.tasteatlas.com/la-em-casa,"A specialty dish from the Brazilian regions of Pará and Bahia, is a part of the  family of Brazilian dishes. In addition to dried meat, salted pork, bacon, and sausages, chopped cassava leaves are u...",https://www.tasteatlas.com/manicoba/wheretoeat,,,,,,,,,,,maniçoba,,
https://www.tasteatlas.com/biscoito-de-polvilho,https://cdn.tasteatlas.com//images/dishes/94a5c1711749413b9aadc4008d721d0d.jpg?mw=660,41,Snack,https://www.tasteatlas.com/Snacks,Biscoito de polvilho,https://www.tasteatlas.com/minas-gerais,https://cdn.tasteatlas.com/images/emblems/e89b8b44ba064d629b45ddd1357c99a5.png,Minas Gerais,4.0,Best in   (Rio de Janeiro),Olympe,https://www.tasteatlas.com/olympe,"Biscoito de polvilho is a traditional, starchy, salted cookie from Brazil. The cookies are characterized by their round, puffy shape and a crispy exterior. The word from its name, , is derived from the Latin word  a...",https://www.tasteatlas.com/biscoito-de-polvilho/wheretoeat,,,,,,,,,,,polvilho,,
https://www.tasteatlas.com/tacaca,https://cdn.tasteatlas.com//images/dishes/24b895a2329349f2b9beb0b9b41fb791.jpg?mw=660,42,Soup,https://www.tasteatlas.com/Soups,Tacacá,https://www.tasteatlas.com/belem,https://cdn.tasteatlas.com/images/emblems/3d476f84acde472ca3f632a53cef0b4a.png,Belém,4.1,Best in   (Belém),Tacacá da Dona Maria,https://www.tasteatlas.com/tacaca-da-dona-maria,"Tacacá is a mouth-numbing Brazilian soup made with large dried shrimps,  (wild cassava byproduct),  (wild Amazonian basil), manioc starch, hot yellow peppers, and  – a leafy ...",https://www.tasteatlas.com/tacaca/wheretoeat,,,,,,,,,,,tucupí,,
https://www.tasteatlas.com/barreado,https://cdn.tasteatlas.com//images/dishes/f16112c3b9b04b28adc682d589fe1f80.jpg?mw=660,43,Stew,https://www.tasteatlas.com/Stews,Barreado,https://www.tasteatlas.com/parana,https://cdn.tasteatlas.com/images/emblems/d5c424056a3749fd83a22cef6790e726.png,Paraná,4.1,Best in   (Antonina),Restaurante Buganvil,https://www.tasteatlas.com/restaurante-buganvil,"Barreado is a Brazilian Carnival staple dish originating from the state of Paraná. This hearty stew is made with beef (usually second-grade cuts of tougher meat with lots of fat), onions, tomatoes, beef bo...",https://www.tasteatlas.com/barreado/wheretoeat,https://www.tasteatlas.com/Beef,https://cdn.tasteatlas.com/images/ingredientgroups/3db7b6f60a934bc89f41a0c51acd08ac.png?h=120&w=120,https://www.tasteatlas.com/bacon,https://cdn.tasteatlas.com/images/ingredientgroups/76f141b8f5694b728b11e0ea053b399e.png?h=120&w=120,https://www.tasteatlas.com/Tomatoes,https://cdn.tasteatlas.com/images/ingredientgroups/72ddcc5fa8d7439d9f190499aa559132.png?h=120&w=120,https://www.tasteatlas.com/Onions,https://cdn.tasteatlas.com/images/ingredientgroups/bf73aa24e1b745988f43388bbdd27322.png?h=120&w=120,https://www.tasteatlas.com/bay-leaves,https://cdn.tasteatlas.com/images/ingredientgroups/ed05cd6d676240efbb75684f6c536b7d.png?h=120&w=120,,https://www.tasteatlas.com/cumin,https://cdn.tasteatlas.com/images/ingredientgroups/4249a750e5b54ffb8fb873a2c5463d06.png?h=120&w=120
https://www.tasteatlas.com/moqueca-capixaba,https://cdn.tasteatlas.com//images/dishes/91126499b7a5497e83b374ddecc3fbab.jpg?mw=660,44,Stew,https://www.tasteatlas.com/Stews,Moqueca capixaba,https://www.tasteatlas.com/espirito-santo,https://cdn.tasteatlas.com/images/emblems/34fb8bd8f4004f0a94e8fbd846564984.png,Espírito Santo,4.5,Best in   (Vitória),Pirão da Ilha,https://www.tasteatlas.com/pirao-da-ilha,"Moqueca capixaba is a traditional Brazilian stew originating from the region of Espírito Santo. It is prepared with fish, lime juice, coriander, and vegetables such as onions, tomatoes, and garlic, all nicely colored with annatto. Tradition...",https://www.tasteatlas.com/moqueca-capixaba/wheretoeat,https://www.tasteatlas.com/White-fish,https://cdn.tasteatlas.com/images/ingredientgroups/673fcb2e26434e1ca0adcf5734d193fe.png?h=120&w=120,https://www.tasteatlas.com/annatto-powder,https://cdn.tasteatlas.com/images/ingredientgroups/46c4a64b09a848c68ead6431aaa66031.png?h=120&w=120,https://www.tasteatlas.com/coriander,https://cdn.tasteatlas.com/images/ingredientgroups/6070111d940042ddab6019a86951fc8b.png?h=120&w=120,https://www.tasteatlas.com/Onions,https://cdn.tasteatlas.com/images/ingredientgroups/bf73aa24e1b745988f43388bbdd27322.png?h=120&w=120,https://www.tasteatlas.com/Tomatoes,https://cdn.tasteatlas.com/images/ingredientgroups/72ddcc5fa8d7439d9f190499aa559132.png?h=120&w=120,,https://www.tasteatlas.com/garlic,https://cdn.tasteatlas.com/images/ingredientgroups/5863714d901146c094f8228eb52c1fcb.png?h=120&w=120
https://www.tasteatlas.com/curau,https://cdn.tasteatlas.com//Images/Dishes/73e2afdf10f2492487fdfbce7003dcb3.jpg?mw=660,45,Pudding,https://www.tasteatlas.com/puddings,Curau,,,,4.0,,,,"is a Brazilian dessert made with the juice of an unripe maize, sugar, and milk. Once it has been cooked, it is poured into individual bowls and garnished with a sprinkle of powdered cinnamon. It can be eaten warm when it is more of ...",https://www.tasteatlas.com/curau/wheretoeat,,,,,,,,,,,Curau,,
https://www.tasteatlas.com/arrumadinho,https://cdn.tasteatlas.com//Images/Dishes/7577b268a36c443d8fbdeef15fa350f6.jpg?mw=660,46,Appetizer,https://www.tasteatlas.com/Appetizers,Arrumadinho,https://www.tasteatlas.com/pernambuco,https://cdn.tasteatlas.com/images/emblems/12bf6200d5ba4af29da63eaeca96e831.png,Pernambuco,4.5,Best in   (Recife),Bar do Tonhão,https://www.tasteatlas.com/BarDoTonhao,"Arrumadinho is a complex Brazilian dish that is usually served as an appetizer. The dish is a combination of four elements that are neatly organized and served together as a complete meal. The essential parts are sliced, sun-dried beef, diced and ...",https://www.tasteatlas.com/arrumadinho/wheretoeat,,,,,,,,,,,,,
https://www.tasteatlas.com/pirao,https://cdn.tasteatlas.com//Images/Dishes/6f17f4b346ed4b308e8c170ecd9f811b.jpg?mw=660,47,Porridge,https://www.tasteatlas.com/Porridge,Pirão,,,,4.1,Best in   (Aracaju),Pitú com Pirão da Eliane,https://www.tasteatlas.com/PituComPiraoDaEliane,"Pirão is the quintessential Brazilian side dish which resembles a watered-down porridge or polenta. It appears in numerous varieties throughout the country, but it is mainly prepared by stirring manioc flour in various flavorful meat or sea...",https://www.tasteatlas.com/pirao/wheretoeat,,,,,,,,,,,,,
https://www.tasteatlas.com/sequilhos,https://cdn.tasteatlas.com//images/dishes/dff5463c97854e1485840ae923d5c169.jpg?mw=660,48,Cookie,https://www.tasteatlas.com/Cookies,Sequilhos,,,,3.8,Best in   (São Bento),Fábrica de Bolo de Goma da Irmã Marlene,https://www.tasteatlas.com/fabrica-de-bolo-de-goma-da-irma-marlene,"Sequilhos are traditional Brazilian cookies made with a combination of cornstarch, baking powder, butter, sweetened condensed milk, eggs, vanilla, and a pinch of salt. Once the dough becomes stiff, it is rolled into balls which are slightly flatte...",https://www.tasteatlas.com/sequilhos/wheretoeat,,,,,,,,,,,,,
https://www.tasteatlas.com/baba-de-moca,https://cdn.tasteatlas.com//Images/Dishes/e8c9b34325bc471d81ddb7fd283ee8f2.jpg?mw=660,49,Custard,https://www.tasteatlas.com/custards,Baba-de-moça,,,,3.9,Best in   (Olinda),Oficina do Sabor,https://www.tasteatlas.com/OficinaDoSabor,"Baba-de-moça is a traditional Brazilian dessert, a custard cream with eggs and coconut that is a common filling in numerous birthday cakes and pastries. It is made with coconut milk, sugar syrup, and egg yolks, developing a flavor that goes...",https://www.tasteatlas.com/baba-de-moca/wheretoeat,,,,,,,,,,,,,
https://www.tasteatlas.com/pave,https://cdn.tasteatlas.com//images/dishes/23b2dda29ed94b6abae3b646847cb781.jpg?mw=660,50,Cake,https://www.tasteatlas.com/cakes,Pavê,,,,4.5,Best in   (São Paulo),Casa Garcia,https://www.tasteatlas.com/casa-garcia,"Pavé is a popular Brazilian layered dessert cake that is similar to  and does not need baking. This layer cake consists of a combination of ladyfinger biscuits, cream, eggs, condensed milk, and chocolate. It is a traditiona...",https://www.tasteatlas.com/pave/wheretoeat,,,,,,,,,,,tiramisu,,
https://www.tasteatlas.com/romeu-e-julieta,https://cdn.tasteatlas.com//Images/Dishes/ce6ccb3348aa45d38c51210a859f1248.jpg?mw=660,51,Cheese Dessert,https://www.tasteatlas.com/cheese-desserts,Romeu e Julieta,,,,4.2,Best in   (São Paulo),Confeitaria Marilia Zylbersztajn,https://www.tasteatlas.com/confeitaria-marilia-zylbersztajn,"It is not known why this unusual Brazilian dessert was named after the famous Shakespeare play, but the sweet and savory combination of Romeu e Julieta is beloved throughout Brazil, where it is served either as a snack or as a dessert. It is quick...",https://www.tasteatlas.com/romeu-e-julieta/wheretoeat,,,,,,,,,,,,,
https://www.tasteatlas.com/alcatra,https://cdn.tasteatlas.com//images/dishes/aebb091a19ef41c9a854bab37910f106.jpg?mw=660,52,Meat Cut,https://www.tasteatlas.com/meat-cuts,Alcatra,,,,4.7,Best in   (Ponta Grossa),Churrascaria Zancanaro,https://www.tasteatlas.com/churrascaria-zancanaro,"Alcatra is a special cut of top sirloin. Large, long, and lean, this steak is prized for its succulence and a hearty beef flavor. The cut is often used for churrasco, the traditional Brazilian barbecue method. Alcatra is one of the largest cuts th...",https://www.tasteatlas.com/alcatra/wheretoeat,,,,,,,,,,,,,
https://www.tasteatlas.com/sagu,https://cdn.tasteatlas.com//Images/Dishes/7680568c13d54cc8942fe32320d6b99e.jpg?mw=660,53,Dessert,https://www.tasteatlas.com/Desserts,Sagu,https://www.tasteatlas.com/south-region,,South Region,3.6,Best in   (Porto Alegre),Churrascaria Komka,https://www.tasteatlas.com/churrascaria-komka,"Sagu is an unusual Brazilian alcohol-infused dessert made with tapioca, one of the oldest starch sources found in South America. This sweet concoction is made with tapioca pearls – round-shaped, chewy ingredients gained from tapioca starch. ...",https://www.tasteatlas.com/sagu/wheretoeat,,,,,,,,,,,,,
https://www.tasteatlas.com/moqueca-baiana,https://cdn.tasteatlas.com//images/dishes/371e3841def14779bf7850afa931314a.jpg?mw=660,54,Stew,https://www.tasteatlas.com/Stews,Moqueca Baiana,https://www.tasteatlas.com/bahia,https://cdn.tasteatlas.com/images/emblems/61159beb672840159f10325605bb33a8.png,Bahia,4.3,Best in   (Salvador),Axego,https://www.tasteatlas.com/Axego,"Moqueca Baiana is a seafood stew originating from the Brazilian state of Bahia, hence the word  in its name. It consists of white fish, shrimps, or other seafood combined with coconut milk, dendê palm oil, lime juice, and vari...",https://www.tasteatlas.com/moqueca-baiana/wheretoeat,https://www.tasteatlas.com/Seafoods,https://cdn.tasteatlas.com/images/ingredientgroups/d102532d0d3842a49e8c81d499ffc6b1.png?h=120&w=120,https://www.tasteatlas.com/coconut-milk,https://cdn.tasteatlas.com/images/ingredientgroups/9e4011ca64234cd0970eaa28d844f4b1.png?h=120&w=120,https://www.tasteatlas.com/palm-oils,https://cdn.tasteatlas.com/images/ingredientgroups/8bfdd58629e84b4f8fc7bb9d67971cb3.png?h=120&w=120,https://www.tasteatlas.com/bell-peppers,https://cdn.tasteatlas.com/images/ingredientgroups/0f922f485f1b427393a6cd5a69f66b6f.png?h=120&w=120,https://www.tasteatlas.com/lime-juices,https://cdn.tasteatlas.com/images/ingredientgroups/8935929ec6a745639e0584c6ddfac844.png?h=120&w=120,Baiana,https://www.tasteatlas.com/Tomatoes,https://cdn.tasteatlas.com/images/ingredientgroups/72ddcc5fa8d7439d9f190499aa559132.png?h=120&w=120
https://www.tasteatlas.com/bombocado,https://cdn.tasteatlas.com//images/dishes/db07db6de633450caf7fd2aef80043ff.jpg?mw=660,55,Dessert,https://www.tasteatlas.com/Desserts,Bombocado,,,,4.6,,,,"Bombocado is a Brazilian dessert made with shredded parmesan, grated coconut, flour, milk, butter, eggs, and sugar. The concoction is baked, chilled, then cut into wedges. This dessert is often prepared for the Independence Day, and it is recommen...",https://www.tasteatlas.com/bombocado/wheretoeat,,,,,,,,,,,,,
https://www.tasteatlas.com/salada-de-maionese,https://cdn.tasteatlas.com//images/dishes/a762c84aa36e4aebbce72ae7c4a01e32.jpg?mw=660,56,Salad,https://www.tasteatlas.com/Salads,Salada de maionese,https://www.tasteatlas.com/rio-grande-do-sul,https://cdn.tasteatlas.com/images/emblems/c9a9a64c55ac4be483d8e0fc76d25328.png,Rio Grande do Sul,4.5,Best in   (Porto Alegre),Churrascaria Giovanaz,https://www.tasteatlas.com/churrascaria-giovanaz,"Salada de maionese is a Brazilian salad that's traditionally served with churrasco barbecue. It's also known as  since it was invented by Gaúchos, Brazilian cowboys. The salad is made with a combination of...",https://www.tasteatlas.com/salada-de-maionese/wheretoeat,,,,,,,,,,,Gaúcho potato salad,,
https://www.tasteatlas.com/tareco,https://cdn.tasteatlas.com//Images/Dishes/0c663a14c5154a7d8aea7cea07a26222.jpg?mw=660,57,Cookie,https://www.tasteatlas.com/Cookies,Tareco,https://www.tasteatlas.com/pernambuco,https://cdn.tasteatlas.com/images/emblems/12bf6200d5ba4af29da63eaeca96e831.png,Pernambuco,3.6,,,,"Brazilian hard biscuits known as tarecos are simple cookies consisting of wheat or corn flour, eggs, vanilla, and sugar. They originated in the Brazilian state of Pernambuco, but have since spread and gained popularity throughout Brazil so much th...",https://www.tasteatlas.com/tareco/wheretoeat,,,,,,,,,,,,,
https://www.tasteatlas.com/cupim,https://cdn.tasteatlas.com//images/dishes/1234840ed4d54c829dd440d9c6fbd0aa.jpg?mw=660,58,Meat Cut,https://www.tasteatlas.com/meat-cuts,Cupim,,,,4.3,,,,"Cupim or  of the Brazilian Zebu cattle is a tender, rich, and marbled cut of meat. This meat cut is found almost exclusively in Brazilian cuisine and has no blood and juice. It's usually stewed or roasted in churrascos. When serv...",https://www.tasteatlas.com/cupim/wheretoeat,,,,,,,,,,,beef hump,,
https://www.tasteatlas.com/pato-no-tucupi,https://cdn.tasteatlas.com//images/dishes/b5d28ef003fe46899d81e7729fac54f9.jpg?mw=660,59,Stew,https://www.tasteatlas.com/Stews,Pato no tucupi,https://www.tasteatlas.com/belem,https://cdn.tasteatlas.com/images/emblems/3d476f84acde472ca3f632a53cef0b4a.png,Belém,4.5,Best in   (Belém),Lá em Casa,https://www.tasteatlas.com/la-em-casa,"Pato no tucupi is a specialty dish from Belem, consisting of duck stewed with alfavaca (wild Amazonian basil), tomatoes, and onions. The duck is then roasted and stewed with tucupi (yellow juice extracted from cassava) and jambú (a leafy pl...",https://www.tasteatlas.com/pato-no-tucupi/wheretoeat,,,,,,,,,,,,,
https://www.tasteatlas.com/tucupi,https://cdn.tasteatlas.com//images/dishes/85a2873ae3da4c91a2fbbc8bf5e82074.jpg?mw=660,60,Sauce,https://www.tasteatlas.com/Sauces,Tucupi,https://www.tasteatlas.com/amazonas,https://cdn.tasteatlas.com/images/emblems/e63f68470ef54d018cfaa412be024cf6.png,Amazonas,,Best in   (Belém),Tacacá da Dona Maria,https://www.tasteatlas.com/tacaca-da-dona-maria,"Tucupi is a Brazilian sauce made from the juice of manioc root. It is characterized by its intense yellow color and a lengthy preparation process due to the poisonous cyanide that is present in the juice, disappearing once the sauce has been prope...",https://www.tasteatlas.com/tucupi/wheretoeat,,,,,,,,,,,,,
https://www.tasteatlas.com/tutu-de-feijao,https://cdn.tasteatlas.com//images/dishes/23fe23cbbe07437e851b6e05708c0e0b.jpg?mw=660,61,Side Dish,https://www.tasteatlas.com/Sides,Tutu de feijão,https://www.tasteatlas.com/minas-gerais,https://cdn.tasteatlas.com/images/emblems/e89b8b44ba064d629b45ddd1357c99a5.png,Minas Gerais,4.6,Best in   (Tiradentes),Virada's do Largo,https://www.tasteatlas.com/ViradassDoLargo,Tutu de feijão is a traditional Brazilian dish originating from the region of Minas Gerais. The dish is made with a combination of puréed beans (traditionally black beans) and cassava flour that's used as a thickening agent. Other in...,https://www.tasteatlas.com/tutu-de-feijao/wheretoeat,,,,,,,,,,,,,
https://www.tasteatlas.com/sanduiche-de-mortadella,https://cdn.tasteatlas.com//images/dishes/58b7ac3264bb4c569f96be308ab9f35b.jpg?mw=660,62,Sandwich,https://www.tasteatlas.com/sandwiches,Sanduiche de mortadella,https://www.tasteatlas.com/sao-paulo,https://cdn.tasteatlas.com/images/emblems/9157b0d81ddd42da9a5533783a20adb3.png,São Paulo,3.6,Best in   (São Paulo),Bar do Mané,https://www.tasteatlas.com/bar-do-mane,"Sanduiche de mortadella is a Brazilian sandwich originating from Sao Paulo. The huge sandwich consists of a simple bread roll that's filled with mounds of freshly sliced, stacked, and griddled mortadella, while a layer of cheese is added on top, i...",https://www.tasteatlas.com/sanduiche-de-mortadella/wheretoeat,,,,,,,,,,,,,
https://www.tasteatlas.com/cuscuz-paulista,https://cdn.tasteatlas.com//images/dishes/9f2fbe706eff4f6eadcd2ffb9ee4a80f.jpg?mw=660,63,Casserole,https://www.tasteatlas.com/casserole,Cuscuz Paulista,,,,3.8,Best in   (São Paulo),Restaurante Amadeus,https://www.tasteatlas.com/restaurante-amadeus,"Cuzcuz Paulista is an elaborate Brazilian dish consisting of couscous enriched with olives, canned sardines, shrimps, and canned peas – ingredients that were quite expensive and exotic during the time of the dish's invention in the 19th cent...",https://www.tasteatlas.com/cuscuz-paulista/wheretoeat,,,,,,,,,,,,,
https://www.tasteatlas.com/cartola,https://www.tasteatlas.com/content/layout/images/thumbnail-no-photo-1.jpg,64,Cheese Dessert,https://www.tasteatlas.com/cheese-desserts,Cartola,,,,,Best in   (João Pessoa),Mangai João Pessoa,https://www.tasteatlas.com/mangai-joao-pessoa,Cartola is a traditional Brazilian dessert that's popular across the country – it can be found both in restaurants and home kitchens. The name of the dish means . It's made with sweetened and fried bananas in combination with...,https://www.tasteatlas.com/cartola/wheretoeat,,,,,,,,,,,top hat,,
https://www.tasteatlas.com/abara,https://cdn.tasteatlas.com//images/dishes/a177ec0c033f4f308509a33dc9ea5bf0.jpg?mw=660,65,Snack,https://www.tasteatlas.com/Snacks,Abará,https://www.tasteatlas.com/bahia,https://cdn.tasteatlas.com/images/emblems/61159beb672840159f10325605bb33a8.png,Bahia,,Best in   (Salvador),Acarajé da Regina,https://www.tasteatlas.com/AcarajeDaRegina,"Abará is a popular Brazilian snack consisting of black-eyed peas or beans that are mashed into a paste, then steamed in a banana leaf. The dish is very similar to another Brazilian snack, , which is fried instead of b...",https://www.tasteatlas.com/abara/wheretoeat,,,,,,,,,,,acarajé,,
https://www.tasteatlas.com/casquinhas-de-siri,https://cdn.tasteatlas.com//images/dishes/1f14fe7b97d6432db877d38cb7c2ad2c.jpg?mw=660,66,Appetizer,https://www.tasteatlas.com/Appetizers,Casquinhas de siri,,,,4.4,Best in   (São Paulo),Tordesilhas,https://www.tasteatlas.com/tordesilhas,"Casquinhas de siri is a traditional Brazilian dish consisting of creamy crab cakes served on a shell. It's made with a combination of crab meat, crustless bread, coconut milk, tomatoes, onions, yucca flour, bell peppers, green onions, cilantro, an...",https://www.tasteatlas.com/casquinhas-de-siri/wheretoeat,https://www.tasteatlas.com/crabs,https://cdn.tasteatlas.com/images/ingredientgroups/37e8f7030f474704ac241bb0695a92f9.png?h=120&w=120,https://www.tasteatlas.com/Breads,https://cdn.tasteatlas.com/images/dishgroups/1cf6c4cfb4354189b4bc5bb6a46ad000.png?h=120&w=120,https://www.tasteatlas.com/coconut-milk,https://cdn.tasteatlas.com/images/ingredientgroups/9e4011ca64234cd0970eaa28d844f4b1.png?h=120&w=120,https://www.tasteatlas.com/Tomatoes,https://cdn.tasteatlas.com/images/ingredientgroups/72ddcc5fa8d7439d9f190499aa559132.png?h=120&w=120,https://www.tasteatlas.com/Onions,https://cdn.tasteatlas.com/images/ingredientgroups/bf73aa24e1b745988f43388bbdd27322.png?h=120&w=120,,https://www.tasteatlas.com/bell-peppers,https://cdn.tasteatlas.com/images/ingredientgroups/0f922f485f1b427393a6cd5a69f66b6f.png?h=120&w=120
https://www.tasteatlas.com/creme-de-papaya,https://cdn.tasteatlas.com//Images/Dishes/73b2a31a12be4f3c9983afd1ec764cc3.jpg?mw=660,67,Dessert,https://www.tasteatlas.com/Desserts,Créme de papaya,,,,4.1,Best in   (São Paulo),Churrascaria Rodeio,https://www.tasteatlas.com/ChurrascariaRodeio,"One of the best summer desserts in the world, according to a  edition from 2009, créme de papaya consists of papaya fruit, ice cream, milk, and  liqueur, typically served in a shallow bowl...",https://www.tasteatlas.com/creme-de-papaya/wheretoeat,,,,,,,,,,,Miami Herald,,
https://www.tasteatlas.com/beirute,https://cdn.tasteatlas.com//images/dishes/a13545edda064238a148b9219ba4f8a4.jpg?mw=660,68,Sandwich,https://www.tasteatlas.com/sandwiches,Beirute,https://www.tasteatlas.com/sao-paulo-city,https://cdn.tasteatlas.com/images/emblems/111fd05c06474857b9dd4d53b046a1fd.png,São Paulo,4.1,Best in   (São Paulo),Frevo,https://www.tasteatlas.com/frevo,"Beirute is a Brazilian sandwich hailing from São Paulo. It's influenced by Levantine cuisine, hence the name that refers to the capital of Lebanon. Originally, the beirute was made with  (Syrian bread or pita...",https://www.tasteatlas.com/beirute/wheretoeat,https://www.tasteatlas.com/pita-bread,https://cdn.tasteatlas.com/images/dishes/02d2664de25145a580f02a75b76f2728.png?h=120&w=120,https://www.tasteatlas.com/Beef,https://cdn.tasteatlas.com/images/ingredientgroups/3db7b6f60a934bc89f41a0c51acd08ac.png?h=120&w=120,https://www.tasteatlas.com/Lettuce,https://cdn.tasteatlas.com/images/ingredientgroups/7e0f57e1acdf4336ae728bbaf80a1f36.png?h=120&w=120,https://www.tasteatlas.com/Tomatoes,https://cdn.tasteatlas.com/images/ingredientgroups/72ddcc5fa8d7439d9f190499aa559132.png?h=120&w=120,https://www.tasteatlas.com/Cheese,https://cdn.tasteatlas.com/images/ingredientgroups/764215a242064199930b80927dfbc2f0.png?h=120&w=120,pão sírio,https://www.tasteatlas.com/zaatar,https://cdn.tasteatlas.com/images/dishes/8c53ee41e10e43e8a258f663f23079e3.png?h=120&w=120
https://www.tasteatlas.com/torta-capixaba,https://cdn.tasteatlas.com//images/dishes/6b5b31d8c3de4ff8898b64fbeaaa47f7.jpg?mw=660,69,Savory Pie,https://www.tasteatlas.com/savory-pies,Torta capixaba,https://www.tasteatlas.com/espirito-santo,https://cdn.tasteatlas.com/images/emblems/34fb8bd8f4004f0a94e8fbd846564984.png,Espírito Santo,,,,,"Torta capixaba is a traditional and complex Brazilian dish originating from Espirito Santo. This seafood pie is made with a massive list of ingredients: fish such as sea bass, hake, and grouper, mussels, siri crabmeat, oysters, salt cod, shrimp, o...",https://www.tasteatlas.com/torta-capixaba/wheretoeat,,,,,,,,,,,,,
https://www.tasteatlas.com/quibebe,https://cdn.tasteatlas.com//images/dishes/99cc9751d5fa448894f3f51a3304945a.jpg?mw=660,70,Vegetable Soup,https://www.tasteatlas.com/vegetable-soups,Quibebe,https://www.tasteatlas.com/northeast-region,,Northeast Region,2.9,,,,"Quibebe is a hearty and Brazilian soup or stew made from winter squash, onions, and peppers. It has a very thick texture and is traditionally served before a larger entrée or the main meal. The dish is somewhat similar to  due...",https://www.tasteatlas.com/quibebe/wheretoeat,,,,,,,,,,,curry,,
https://www.tasteatlas.com/file-oswaldo-aranha,https://cdn.tasteatlas.com//images/dishes/c2f1cc3e0796427a93ba03f36a9fd906.jpg?mw=660,71,Beef Dish,https://www.tasteatlas.com/beef-dishes,Filé Oswaldo Aranha,https://www.tasteatlas.com/rio,https://cdn.tasteatlas.com/images/emblems/e0ee0d8fd25d4e5abee1dd14cb8fc848.png,Rio de Janeiro,3.7,Best in   (Rio de Janeiro),Restaurante Cosmopolita,https://www.tasteatlas.com/restaurante-cosmopolita,"Filé Oswaldo Aranha is a traditional Brazilian dish consisting of a beefsteak that's topped with large amounts of fried garlic and served with white rice, crunchy potato chips, and farofa on the side. The dish was named after Oswaldo Aranha...",https://www.tasteatlas.com/file-oswaldo-aranha/wheretoeat,https://www.tasteatlas.com/Beef,https://cdn.tasteatlas.com/images/ingredientgroups/3db7b6f60a934bc89f41a0c51acd08ac.png?h=120&w=120,https://www.tasteatlas.com/Butter,https://cdn.tasteatlas.com/images/ingredientgroups/82d84a396a544682bb2954283d8666e6.png?h=120&w=120,https://www.tasteatlas.com/garlic,https://cdn.tasteatlas.com/images/ingredientgroups/5863714d901146c094f8228eb52c1fcb.png?h=120&w=120,https://www.tasteatlas.com/Olive-oil,https://cdn.tasteatlas.com/images/ingredientgroups/51f74167400e4342a76839cfdaa89693.png?h=120&w=120,https://www.tasteatlas.com/Potatoes,https://cdn.tasteatlas.com/images/ingredientgroups/282779ae12bd41c8b1470862a313c360.png?h=120&w=120,,https://www.tasteatlas.com/black-pepper,https://cdn.tasteatlas.com/images/ingredientgroups/deddb5ecf2b44e79a75ddcc05a5cc298.png?h=120&w=120
https://www.tasteatlas.com/carne-de-onca,https://www.tasteatlas.com/content/layout/images/thumbnail-no-photo-3.jpg,72,Appetizer,https://www.tasteatlas.com/Appetizers,Carne de onça,https://www.tasteatlas.com/curitiba,,Curitiba,,,,,"Carne de onça is a traditional Brazilian dish originating from Curitiba, where it's been served since 1953. It's also the town's official dish, a type of beef tartare made with a combination of minced beef, garlic, onions, chives, olive oil...",https://www.tasteatlas.com/carne-de-onca/wheretoeat,https://www.tasteatlas.com/Beef,https://cdn.tasteatlas.com/images/ingredientgroups/3db7b6f60a934bc89f41a0c51acd08ac.png?h=120&w=120,https://www.tasteatlas.com/garlic,https://cdn.tasteatlas.com/images/ingredientgroups/5863714d901146c094f8228eb52c1fcb.png?h=120&w=120,https://www.tasteatlas.com/Onions,https://cdn.tasteatlas.com/images/ingredientgroups/bf73aa24e1b745988f43388bbdd27322.png?h=120&w=120,https://www.tasteatlas.com/chives,https://cdn.tasteatlas.com/images/ingredientgroups/aed2da4a6a53446290f56faab8c7e36b.png?h=120&w=120,https://www.tasteatlas.com/Olive-oil,https://cdn.tasteatlas.com/images/ingredientgroups/51f74167400e4342a76839cfdaa89693.png?h=120&w=120,,https://www.tasteatlas.com/cognac,https://cdn.tasteatlas.com/images/dishes/314008978c4d4c0ca9964ffc8076cd54.png?h=120&w=120
https://www.tasteatlas.com/cabeca-de-galo,https://cdn.tasteatlas.com//images/dishes/12049da0afee485cad17ead716cb7b2b.jpg?mw=660,73,Soup,https://www.tasteatlas.com/Soups,Cabeça de galo,https://www.tasteatlas.com/pernambuco,https://cdn.tasteatlas.com/images/emblems/12bf6200d5ba4af29da63eaeca96e831.png,Pernambuco,,,,,"Despite its name, which translates to , cabeça de galo doesn’t contain any meat. It is a nourishing soup with a thick texture, made with a combination of manioc flour, eggs, water, and vegetables such as o...",https://www.tasteatlas.com/cabeca-de-galo/wheretoeat,,,,,,,,,,,rooster’s head,,
https://www.tasteatlas.com/arroz-com-pequi,https://www.tasteatlas.com/content/layout/images/thumbnail-no-photo-3.jpg,74,Rice Dish,https://www.tasteatlas.com/Rice-dishes,Arroz com pequi,https://www.tasteatlas.com/minas-gerais,https://cdn.tasteatlas.com/images/emblems/e89b8b44ba064d629b45ddd1357c99a5.png,Minas Gerais,,,,,"Arroz com pequi is a traditional Brazilian rice dish originating from the central regions, and it's especially popular in Minas Gerais and Goiás. The key ingredient in the dish is pequi, a small seasonal fruit with a strong cheese-like, bar...",https://www.tasteatlas.com/arroz-com-pequi/wheretoeat,,,,,,,,,,,,,
https://www.tasteatlas.com/cuscuz-nordestino,https://cdn.tasteatlas.com//images/dishes/f0f4da3443974383b748f750d0733413.jpg?mw=660,75,Side Dish,https://www.tasteatlas.com/Sides,Cuscuz nordestino,https://www.tasteatlas.com/northeast-region,,Northeast Region,4.7,,,,"Cuscuz nordestino is a traditional dish from the Northeast region of Brazil. It is prepared with corn flour, salt, manioc starch, and either water or coconut milk. The combination of these ingredients is steamed until fragrant. Once prepared, cusc...",https://www.tasteatlas.com/cuscuz-nordestino/wheretoeat,,,,,,,,,,,,,
https://www.tasteatlas.com/sopa-leao-veloso,https://cdn.tasteatlas.com//images/dishes/cf90f3d6bb6b4789920d2a707c8ea4c9.jpg?mw=660,76,Seafood Soup,https://www.tasteatlas.com/seafood-soups,Sopa Leão Veloso,https://www.tasteatlas.com/rio,https://cdn.tasteatlas.com/images/emblems/e0ee0d8fd25d4e5abee1dd14cb8fc848.png,Rio de Janeiro,,Best in   (Rio de Janeiro),Restaurante Rio Minho,https://www.tasteatlas.com/RestauranteRioMinho,"This seafood soup was named after Leão Veloso, a Brazilian diplomat who developed a taste for  during his service in France. Upon returning to Brazil, he tweaked the recipe for the famous French classic, most likely du...",https://www.tasteatlas.com/sopa-leao-veloso/wheretoeat,,,,,,,,,,,bouillabaisse,,
https://www.tasteatlas.com/caldo-de-piranha,https://www.tasteatlas.com/content/layout/images/thumbnail-no-photo-4.jpg,77,Fish Soup,https://www.tasteatlas.com/fish-soups,Caldo de piranha,https://www.tasteatlas.com/pantanal,,Pantanal,,,,,"Caldo de piranha is a traditional Brazilian soup prepared with piranha fish as the key ingredient. The dish is a specialty of the Pantanal area in Mato Grosso do Sul. Other ingredients that are commonly used to prepare the soup include onions, tom...",https://www.tasteatlas.com/caldo-de-piranha/wheretoeat,,,,,,,,,,,,,
https://www.tasteatlas.com/acaca,https://www.tasteatlas.com/content/layout/images/thumbnail-no-photo-1.jpg,78,Side Dish,https://www.tasteatlas.com/Sides,Acaçá,https://www.tasteatlas.com/bahia,https://cdn.tasteatlas.com/images/emblems/61159beb672840159f10325605bb33a8.png,Bahia,,,,,"Acaçá is a traditional Afro-Brazilian dish that's the most important ritual food of the Candomblé religion. This thick mush-like dish is made from ground or grated white corn that's soaked, pounded, then wrapped and shaped in ...",https://www.tasteatlas.com/acaca/wheretoeat,,,,,,,,,,,,,
https://www.tasteatlas.com/bijajica,https://www.tasteatlas.com/content/layout/images/thumbnail-no-photo-2.jpg,79,Cake,https://www.tasteatlas.com/cakes,Bijajica,https://www.tasteatlas.com/santa-catarina,,Santa Catarina,,,,,"Bijajica is a traditional Brazilian cake with indigenous origins, and it's especially popular in Santa Catarina. It's made with a combination of peanuts, cassava, sugar, cloves, fennel, and cinnamon. Traditionally, the Guarani people grind the pea...",https://www.tasteatlas.com/bijajica/wheretoeat,,,,,,,,,,,,,
https://www.tasteatlas.com/baixaria,https://www.tasteatlas.com/content/layout/images/thumbnail-no-photo-1.jpg,80,Breakfast,https://www.tasteatlas.com/Breakfast,Baixaria,https://www.tasteatlas.com/acre,,Acre,,,,,"Baixaria is a traditional Brazilian dish originating from Acre. It's made with a combination of couscous, ground beef, onions, garlic, olive oil, bell peppers, and tomatoes. The couscous is steamed and served with the combination of ground beef, o...",https://www.tasteatlas.com/baixaria/wheretoeat,,,,,,,,,,,,,