search-results__item-image href,search-results__item-image src,similar-list__item-position,group,group href,h2,score-text,similar-list__item-description,similar-list__item-description 2,similar-list__item-description href,search-results__item-description,search-results__item-description 2,search-results__item-link href 2,mini-ingredients__link href,mini-ingredients__image src,mini-ingredients__link href 2,mini-ingredients__image src 2,mini-ingredients__link href 3,mini-ingredients__image src 3,mini-ingredients__link href 4,mini-ingredients__image src 4,mini-ingredients__link href 5,mini-ingredients__image src 5,mini-ingredients__link href 6,mini-ingredients__image src 6,score-text--na
https://www.tasteatlas.com/hummus,https://cdn.tasteatlas.com//images/dishes/61d5db7fc3cc42c896813471d334d052.jpg?mw=660,1,Dip,https://www.tasteatlas.com/dips,Hummus,4.3,Best in   (Beirut),Liza,https://www.tasteatlas.com/liza,"This internationally popular, beige-colored spread is traditionally made with mashed chickpeas,  sesame paste, lemon juice, and garlic. People across the world love hummus for its tangy flavor and the fact that it is filled with nut...",tahini,https://www.tasteatlas.com/hummus/wheretoeat,https://www.tasteatlas.com/tahini,https://cdn.tasteatlas.com/images/dishes/08e2555cf883451ca76b1a08c14a5247.png?h=120&w=120,https://www.tasteatlas.com/Chickpeas,https://cdn.tasteatlas.com/images/ingredientgroups/a2154e69886644589ba372adba14f005.png?h=120&w=120,https://www.tasteatlas.com/Lemons,https://cdn.tasteatlas.com/images/ingredientgroups/e72116820fd94959b9d5e570b3df6316.png?h=120&w=120,https://www.tasteatlas.com/garlic,https://cdn.tasteatlas.com/images/ingredientgroups/5863714d901146c094f8228eb52c1fcb.png?h=120&w=120,https://www.tasteatlas.com/cumin,https://cdn.tasteatlas.com/images/ingredientgroups/4249a750e5b54ffb8fb873a2c5463d06.png?h=120&w=120,,,
https://www.tasteatlas.com/maamoul,https://cdn.tasteatlas.com//Images/Dishes/8cd1a7bee211432d893d12eae9912883.jpg?mw=660,2,Cookie,https://www.tasteatlas.com/Cookies,Ma'amoul,3.9,Best in   (Beirut),Mayrig,https://www.tasteatlas.com/Mayrig,"Ma'amoul is an ancient cookie filled with fruits and nuts such as dates, walnuts, and pistachios. The cookies are traditionally prepared for Easter, festivals, and celebrations, and they are typically shaped into balls or domes. In order to differ...",,https://www.tasteatlas.com/maamoul/wheretoeat,https://www.tasteatlas.com/semolinas,https://cdn.tasteatlas.com/images/ingredientgroups/40a3aac8a540413980b541cbfd7f3646.png?h=120&w=120,https://www.tasteatlas.com/Flour,https://cdn.tasteatlas.com/images/ingredientgroups/6980492bc1fb48d292831ababd8816c3.png?h=120&w=120,https://www.tasteatlas.com/Sugar,https://cdn.tasteatlas.com/images/ingredientgroups/ae857e2ec0504a6590b41c0000f6678c.png?h=120&w=120,https://www.tasteatlas.com/yeasts,https://cdn.tasteatlas.com/images/ingredientgroups/805b01e32cd74f6fbdc87146dbad384f.png?h=120&w=120,https://www.tasteatlas.com/ghee,https://cdn.tasteatlas.com/images/dishes/194229dc935a45ec9d24f94a13bbe3fd.png?h=120&w=120,https://www.tasteatlas.com/rose-waters,https://cdn.tasteatlas.com/images/ingredientgroups/e796f033c53745bf934c231bb17c0e1b.png?h=120&w=120,
https://www.tasteatlas.com/falafel-lebanon,https://cdn.tasteatlas.com//images/dishes/6a7d870a48e34847b06f1711907ccf8a.jpg?mw=660,3,Street Food,https://www.tasteatlas.com/Street-food,Falafel,3.9,Best in   (Beirut),Barbar,https://www.tasteatlas.com/BarBar,"Even though these protein-packed chickpea fritters are listed as one of Israel's national dishes, it is often suggested that falafel might have originated in Egypt, Lebanon, or Palestine. By the 1950s, to earn a living, Yemenite immigrants in Isra...",,https://www.tasteatlas.com/falafel-lebanon/wheretoeat,https://www.tasteatlas.com/Flour,https://cdn.tasteatlas.com/images/ingredientgroups/6980492bc1fb48d292831ababd8816c3.png?h=120&w=120,https://www.tasteatlas.com/Chickpeas,https://cdn.tasteatlas.com/images/ingredientgroups/a2154e69886644589ba372adba14f005.png?h=120&w=120,https://www.tasteatlas.com/fava-beans,https://cdn.tasteatlas.com/images/ingredientgroups/8fff989ecbe24f938f3521ed825d5fa4.png?h=120&w=120,https://www.tasteatlas.com/parsley,https://cdn.tasteatlas.com/images/ingredientgroups/205f99273994439fb0e05fa744a9d98a.png?h=120&w=120,https://www.tasteatlas.com/coriander,https://cdn.tasteatlas.com/images/ingredientgroups/6070111d940042ddab6019a86951fc8b.png?h=120&w=120,https://www.tasteatlas.com/cumin,https://cdn.tasteatlas.com/images/ingredientgroups/4249a750e5b54ffb8fb873a2c5463d06.png?h=120&w=120,
https://www.tasteatlas.com/shawarma,https://cdn.tasteatlas.com//images/dishes/a2a68bb8904548639a51bbb609c50821.jpg?mw=660,4,Street Food,https://www.tasteatlas.com/Street-food,Shawarma,4.4,Best in   (Beirut),Barbar,https://www.tasteatlas.com/BarBar,"Marinated and spit-roasted, shawarma is a delicious Middle Eastern meat treat whose origins can be traced back to the Ottoman Empire era, while its name stems from the Arabic pronunciation of the Turkish word  (lit. to turn;...",çevirme,https://www.tasteatlas.com/shawarma/wheretoeat,https://www.tasteatlas.com/lavash,https://cdn.tasteatlas.com/images/dishes/16f3181148e84a6c96e601e9fb65d813.png?h=120&w=120,https://www.tasteatlas.com/pita-bread,https://cdn.tasteatlas.com/images/dishes/02d2664de25145a580f02a75b76f2728.png?h=120&w=120,https://www.tasteatlas.com/Beef,https://cdn.tasteatlas.com/images/ingredientgroups/3db7b6f60a934bc89f41a0c51acd08ac.png?h=120&w=120,https://www.tasteatlas.com/Chicken,https://cdn.tasteatlas.com/images/ingredientgroups/cc2384e25f3c4d52be5abe779ef2ad9b.png?h=120&w=120,https://www.tasteatlas.com/Lamb,https://cdn.tasteatlas.com/images/ingredientgroups/6303dec1aa394f72b07b8bf7e4572177.png?h=120&w=120,https://www.tasteatlas.com/Vegetables,https://cdn.tasteatlas.com/images/ingredientgroups/23c55ec12d924df3af23cca250689036.png?h=120&w=120,
https://www.tasteatlas.com/manakish,https://cdn.tasteatlas.com//Images/Dishes/99e1c206d25a4bf0adc3fcdb2d9979cd.jpg?mw=660,5,Flatbread,https://www.tasteatlas.com/Flatbreads,Manakish,4.1,Best in   (Beirut),Fern Ghattas,https://www.tasteatlas.com/FernGhattas,"Manakish is a favorite Lebanese breakfast - a round, flat bread that is typically topped with olive oil and  (sesame seeds, thyme, and sumac), then baked in the oven. Other toppings might include cheese, minced lamb, spinach, or fri...",zaatar,https://www.tasteatlas.com/manakish/wheretoeat,https://www.tasteatlas.com/Flour,https://cdn.tasteatlas.com/images/ingredientgroups/6980492bc1fb48d292831ababd8816c3.png?h=120&w=120,https://www.tasteatlas.com/zaatar,https://cdn.tasteatlas.com/images/dishes/8c53ee41e10e43e8a258f663f23079e3.png?h=120&w=120,https://www.tasteatlas.com/Olive-oil,https://cdn.tasteatlas.com/images/ingredientgroups/51f74167400e4342a76839cfdaa89693.png?h=120&w=120,https://www.tasteatlas.com/Cheese,https://cdn.tasteatlas.com/images/ingredientgroups/764215a242064199930b80927dfbc2f0.png?h=120&w=120,https://www.tasteatlas.com/spinach,https://cdn.tasteatlas.com/images/ingredientgroups/2218c5aa26ab49168e768f4bc72feddd.png?h=120&w=120,https://www.tasteatlas.com/Eggplants,https://cdn.tasteatlas.com/images/ingredientgroups/9c53f075b64b42e1a8d446741e9904eb.png?h=120&w=120,
https://www.tasteatlas.com/tabbouleh,https://cdn.tasteatlas.com//Images/Dishes/bd114bcb7c99451d8788d95c73ddc1fa.jpg?mw=660,6,Salad,https://www.tasteatlas.com/Salads,Tabbouleh,4.3,Best in   (Beirut),Em Sherif Beirut,https://www.tasteatlas.com/em-sherif,"Tabbouleh is a colorful Lebanese national dish that is usually considered a salad, with a crunchy and chewy texture, made with fresh, finely chopped parsley leaves, olive oil, bulgur wheat, and chopped mint leaves as a base. It originated in the m...",,https://www.tasteatlas.com/tabbouleh/wheretoeat,https://www.tasteatlas.com/Bulgurs,https://cdn.tasteatlas.com/images/ingredientgroups/7e6533f23fac450f86aece5b4095600e.png?h=120&w=120,https://www.tasteatlas.com/mint,https://cdn.tasteatlas.com/images/ingredientgroups/b6c5042f1598417c8fa444f42310d56a.png?h=120&w=120,https://www.tasteatlas.com/parsley,https://cdn.tasteatlas.com/images/ingredientgroups/205f99273994439fb0e05fa744a9d98a.png?h=120&w=120,https://www.tasteatlas.com/Tomatoes,https://cdn.tasteatlas.com/images/ingredientgroups/72ddcc5fa8d7439d9f190499aa559132.png?h=120&w=120,https://www.tasteatlas.com/Olive-oil,https://cdn.tasteatlas.com/images/ingredientgroups/51f74167400e4342a76839cfdaa89693.png?h=120&w=120,https://www.tasteatlas.com/Onions,https://cdn.tasteatlas.com/images/ingredientgroups/bf73aa24e1b745988f43388bbdd27322.png?h=120&w=120,
https://www.tasteatlas.com/fattoush,https://cdn.tasteatlas.com//Images/Dishes/dde99eb18f01439f97587a144047f0d2.jpg?mw=660,7,Salad,https://www.tasteatlas.com/Salads,Fattoush,4.5,Best in   (Beirut),Em Sherif Beirut,https://www.tasteatlas.com/em-sherif,"Fattoush is a simple salad made with traditional pita bread as a base on which the rest of the ingredients are built on. Pita bread is torn or cut into small bite-sized pieces, then toasted, grilled, or fried. It is then mixed with a variety of ve...",,https://www.tasteatlas.com/fattoush/wheretoeat,https://www.tasteatlas.com/pita-bread,https://cdn.tasteatlas.com/images/dishes/02d2664de25145a580f02a75b76f2728.png?h=120&w=120,https://www.tasteatlas.com/Lettuce,https://cdn.tasteatlas.com/images/ingredientgroups/7e0f57e1acdf4336ae728bbaf80a1f36.png?h=120&w=120,https://www.tasteatlas.com/Peppers,https://cdn.tasteatlas.com/images/ingredientgroups/6907265facb2440399ccfa3e56381c45.png?h=120&w=120,https://www.tasteatlas.com/cherry-tomatoes,https://cdn.tasteatlas.com/images/ingredientgroups/e271c4e1392843aeadd90316f0a84853.png?h=120&w=120,https://www.tasteatlas.com/mint,https://cdn.tasteatlas.com/images/ingredientgroups/b6c5042f1598417c8fa444f42310d56a.png?h=120&w=120,https://www.tasteatlas.com/Olive-oil,https://cdn.tasteatlas.com/images/ingredientgroups/51f74167400e4342a76839cfdaa89693.png?h=120&w=120,
https://www.tasteatlas.com/sfiha,https://cdn.tasteatlas.com//Images/Dishes/020ebc1c942c4122a3d7ee81207caf71.jpg?mw=660,8,Savory Pie,https://www.tasteatlas.com/savory-pies,Sfiha,4.8,Best in   (Beirut),Ichkhanian Bakery,https://www.tasteatlas.com/ichkhanian-bakery,"Sfiha, or  (lit. meat on dough) is an Arabic specialty that dates back to the 15th century, when it first appeared in today's Eastern Lebanon. The traditional open-faced meat pie is popular throughout the Arab region, its mai...",lahm bil ajĩn,https://www.tasteatlas.com/sfiha/wheretoeat,,,,,,,,,,,,,
https://www.tasteatlas.com/kibbeh,https://cdn.tasteatlas.com//Images/Dishes/b132a0ec6eb54e4390eb7c7369027de1.jpg?mw=660,9,Snack,https://www.tasteatlas.com/Snacks,Kibbeh,4.4,Best in   (Beirut),Tawlet Souk el Tayeb,https://www.tasteatlas.com/TawletSoukElTayeb,"Kibbeh is a unique mixture of soaked bulgur wheat and other ingredients, typically lamb meat, and it is also considered the national dish of Lebanon. Fragrantly spiced and eaten as a snack for casual or celebratory meals, Kibbeh can be raw, baked,...",,https://www.tasteatlas.com/kibbeh/wheretoeat,https://www.tasteatlas.com/Lamb,https://cdn.tasteatlas.com/images/ingredientgroups/6303dec1aa394f72b07b8bf7e4572177.png?h=120&w=120,https://www.tasteatlas.com/Bulgurs,https://cdn.tasteatlas.com/images/ingredientgroups/7e6533f23fac450f86aece5b4095600e.png?h=120&w=120,https://www.tasteatlas.com/Onions,https://cdn.tasteatlas.com/images/ingredientgroups/bf73aa24e1b745988f43388bbdd27322.png?h=120&w=120,https://www.tasteatlas.com/Olive-oil,https://cdn.tasteatlas.com/images/ingredientgroups/51f74167400e4342a76839cfdaa89693.png?h=120&w=120,https://www.tasteatlas.com/pine-nuts,https://cdn.tasteatlas.com/images/ingredientgroups/2108a7804fe04f57a002907791e0e43f.png?h=120&w=120,https://www.tasteatlas.com/black-pepper,https://cdn.tasteatlas.com/images/ingredientgroups/deddb5ecf2b44e79a75ddcc05a5cc298.png?h=120&w=120,
https://www.tasteatlas.com/baba-ghanoush,https://cdn.tasteatlas.com//Images/Dishes/349a835a592e4c098fb0486a70ff63d4.jpg?mw=660,10,Dip,https://www.tasteatlas.com/dips,Baba ghanoush,4.4,Best in   (Beirut),Tawlet Souk el Tayeb,https://www.tasteatlas.com/TawletSoukElTayeb,"Baba ghanoush is a Middle Eastern dish that's mostly associated with Lebanon, and it consists of roasted and puréed eggplants, garlic, olive oil, lemon juice, and tahini, with the occasional addition of mint, onions, and various spices. Its...",,https://www.tasteatlas.com/baba-ghanoush/wheretoeat,https://www.tasteatlas.com/Eggplants,https://cdn.tasteatlas.com/images/ingredientgroups/9c53f075b64b42e1a8d446741e9904eb.png?h=120&w=120,https://www.tasteatlas.com/garlic,https://cdn.tasteatlas.com/images/ingredientgroups/5863714d901146c094f8228eb52c1fcb.png?h=120&w=120,https://www.tasteatlas.com/Olive-oil,https://cdn.tasteatlas.com/images/ingredientgroups/51f74167400e4342a76839cfdaa89693.png?h=120&w=120,https://www.tasteatlas.com/lemon-juices,https://cdn.tasteatlas.com/images/ingredientgroups/bbcffe4057b045df86c02995facd36b3.png?h=120&w=120,https://www.tasteatlas.com/tahini,https://cdn.tasteatlas.com/images/dishes/08e2555cf883451ca76b1a08c14a5247.png?h=120&w=120,https://www.tasteatlas.com/parsley,https://cdn.tasteatlas.com/images/ingredientgroups/205f99273994439fb0e05fa744a9d98a.png?h=120&w=120,
https://www.tasteatlas.com/kaak,https://cdn.tasteatlas.com//Images/Dishes/9e43b5fb7b884ed6a11ac219e4ee8d74.jpg?mw=660,11,Bread,https://www.tasteatlas.com/Breads,Ka'ak,4.3,Best in   (Zahlé),Salon des Familles,https://www.tasteatlas.com/salon-des-familles,"Ka'ak is Lebanese street bread that is usually consumed as a snack, characterized by its circular appearance with a hollow part near its outer edge. The bread is traditionally sprinkled with sesame seeds on top. It is typically sold from tiny char...",,https://www.tasteatlas.com/kaak/wheretoeat,,,,,,,,,,,,,
https://www.tasteatlas.com/fatteh,https://cdn.tasteatlas.com//Images/Dishes/3f381ba5a567437eacb6233464adce1a.jpg?mw=660,12,Breakfast,https://www.tasteatlas.com/Breakfast,Fatteh,4.3,Best in   (Beirut),Babel Bay,https://www.tasteatlas.com/babel-bay,"Fatteh is a Levantine specialty made by combining pieces of fresh, toasted, or stale flatbread with numerous other ingredients. The name of the dish means , referring to the process of tearing the flatbread. Fatte...",to tear into small pieces,https://www.tasteatlas.com/fatteh/wheretoeat,,,,,,,,,,,,,
https://www.tasteatlas.com/mujaddara,https://cdn.tasteatlas.com//images/dishes/a7adabed9df5481f98e3ce157202db03.jpg?mw=660,13,Rice Dish,https://www.tasteatlas.com/Rice-dishes,Mujaddara,3.9,Best in   (Beirut),Enab Restaurant,https://www.tasteatlas.com/enab-restaurant,The vegetarian combination of lentils and rice is a classic Levantine fare that is best served with fresh salads. The dish is assembled with cooked rice and lentils that are enriched with generous amounts of onions sautéed in olive oil. Whe...,,https://www.tasteatlas.com/mujaddara/wheretoeat,,,,,,,,,,,,,
https://www.tasteatlas.com/fatayer,https://cdn.tasteatlas.com//Images/Dishes/de13a38b590145e1a5d40b56062c161d.jpg?mw=660,14,Snack,https://www.tasteatlas.com/Snacks,Fatayer,4.5,Best in   (Beirut),Fern Ghattas,https://www.tasteatlas.com/FernGhattas,"Fatayer is an Arabic specialty consisting of pockets of dough that are filled with a variety of ingredients: spinach, cheeses such as  or , meat such as chicken, beef, or lamb, potatoes, or soft Arabic yogurt-based ch...",halloumi,https://www.tasteatlas.com/fatayer/wheretoeat,,,,,,,,,,,,,
https://www.tasteatlas.com/toum,https://cdn.tasteatlas.com//images/dishes/36bd21d58e154aa088e704710c8180e9.jpg?mw=660,15,Sauce,https://www.tasteatlas.com/Sauces,Toum,4.6,,,,"Toum is an authentic Lebanese garlic paste. It is made with whole garlic cloves, which are slowly crushed using a mortar and pestle, or nowadays simply ground in a food processor. During this process, oil (preferably neutral oil such as canola, or...",,https://www.tasteatlas.com/toum/wheretoeat,https://www.tasteatlas.com/garlic,https://cdn.tasteatlas.com/images/ingredientgroups/5863714d901146c094f8228eb52c1fcb.png?h=120&w=120,https://www.tasteatlas.com/canola-oils,https://cdn.tasteatlas.com/images/ingredientgroups/2f44fc8e9ce447e58ac245fd6f0f2f61.png?h=120&w=120,https://www.tasteatlas.com/Olive-oil,https://cdn.tasteatlas.com/images/ingredientgroups/51f74167400e4342a76839cfdaa89693.png?h=120&w=120,https://www.tasteatlas.com/lemon-juices,https://cdn.tasteatlas.com/images/ingredientgroups/bbcffe4057b045df86c02995facd36b3.png?h=120&w=120,https://www.tasteatlas.com/Salt,https://cdn.tasteatlas.com/images/ingredientgroups/812de2786a274b7e85a4c54cc0fb40d2.png?h=120&w=120,,,
https://www.tasteatlas.com/tahini-lebanon,https://cdn.tasteatlas.com//Images/Dishes/7e45878178134a20aaff2d2246fd500c.jpg?mw=660,16,Dip,https://www.tasteatlas.com/dips,Tahini,3.8,,,,"Tahini is a paste consisting of toasted and ground sesame seeds which are usually thinned with lemon juice and water. It is an incredibly versatile paste that can be served as a dip and consumed on its own, or as a condiment accompanying numerous ...",,https://www.tasteatlas.com/tahini-lebanon/wheretoeat,https://www.tasteatlas.com/Sesame-seeds,https://cdn.tasteatlas.com/images/ingredientgroups/725082941a654eb0925163274078bea9.png?h=120&w=120,https://www.tasteatlas.com/Salt,https://cdn.tasteatlas.com/images/ingredientgroups/812de2786a274b7e85a4c54cc0fb40d2.png?h=120&w=120,https://www.tasteatlas.com/Lemons,https://cdn.tasteatlas.com/images/ingredientgroups/e72116820fd94959b9d5e570b3df6316.png?h=120&w=120,https://www.tasteatlas.com/garlic,https://cdn.tasteatlas.com/images/ingredientgroups/5863714d901146c094f8228eb52c1fcb.png?h=120&w=120,https://www.tasteatlas.com/Olive-oil,https://cdn.tasteatlas.com/images/ingredientgroups/51f74167400e4342a76839cfdaa89693.png?h=120&w=120,,,
https://www.tasteatlas.com/sayadieh,https://cdn.tasteatlas.com//images/dishes/2d2ea047405a4d2b95a67048e010ba94.jpg?mw=660,17,Rice Dish,https://www.tasteatlas.com/Rice-dishes,Sayadieh,,Best in   (Beirut),Le Chef,https://www.tasteatlas.com/le-chef,"This traditional combination of rice and fish is typically prepared with white fish such as sea bass or red snapper. The fish is fried or baked separately, while the rice is cooked in a special fish broth that is prepared with fried onions and",,https://www.tasteatlas.com/sayadieh/wheretoeat,,,,,,,,,,,,,n/a
https://www.tasteatlas.com/ashta,https://cdn.tasteatlas.com//images/dishes/20dc74a10e984c79abdfbba76f1ec42f.jpg?mw=660,18,Dessert,https://www.tasteatlas.com/Desserts,Ashta,,,,,"Ashta, also known as  or , is a variety of clotted cream mostly associated with Arab and Levantine countries. Traditionally, it is made with lightly sweetened full-fat milk and lemon juice which are slowly simmered un...",kashta,https://www.tasteatlas.com/ashta/wheretoeat,,,,,,,,,,,,,n/a
https://www.tasteatlas.com/labneh-lebanon,https://cdn.tasteatlas.com//Images/Dishes/86b988cf271f48ea8c19d0a352e5a635.jpg?mw=660,19,Dip,https://www.tasteatlas.com/dips,Labneh,4.2,Best in   (Byblos),Locanda A La Granda,https://www.tasteatlas.com/LocandaALaGranda,Creamy texture and mild flavor are the main attributes of labneh; a traditional Middle Eastern strained yogurt that is prepared with yogurt and salt. No strict guidelines are used to produce it; plain full-fat yogurt is mixed with salt and left to...,,https://www.tasteatlas.com/labneh-lebanon/wheretoeat,https://www.tasteatlas.com/yogurt,https://cdn.tasteatlas.com/images/dishes/242742c498304e40a7500080f677c360.png?h=120&w=120,https://www.tasteatlas.com/Salt,https://cdn.tasteatlas.com/images/ingredientgroups/812de2786a274b7e85a4c54cc0fb40d2.png?h=120&w=120,,,,,,,,,
https://www.tasteatlas.com/znoud-el-sit,https://cdn.tasteatlas.com//images/dishes/526d278f2ac847038e85893188547d78.jpg?mw=660,20,Sweet Pastry,https://www.tasteatlas.com/sweet-pastry,Znoud el sit,,,,,This traditional Middle Eastern dessert is often enjoyed on Iftar (a fast-breaking meal) during the holy month of Ramadan. The dish is made with thin sheets of phyllo dough that are wrapped into small elongated rolls while the center is filled wit...,,https://www.tasteatlas.com/znoud-el-sit/wheretoeat,,,,,,,,,,,,,n/a
https://www.tasteatlas.com/layali-lubnan,https://cdn.tasteatlas.com//images/dishes/eba51c8e3d474504a5070108d99d4fd9.jpg?mw=660,21,Pudding,https://www.tasteatlas.com/puddings,Layali lubnan,,,,,"Translated as , this creamy and versatile dessert is made with a base of milk, semolina, and sugar. The ingredients are cooked into a creamy pudding that is left to set until it is firm and well-chilled. The pudding is usua...",Lebanese nights,https://www.tasteatlas.com/layali-lubnan/wheretoeat,,,,,,,,,,,,,n/a
https://www.tasteatlas.com/mutabal,https://cdn.tasteatlas.com//images/dishes/16b7c00d2edd4d4da9657cc19e4e9d9a.jpg?mw=660,22,Dip,https://www.tasteatlas.com/dips,Mutabal,4.7,,,,,,https://www.tasteatlas.com/mutabal/wheretoeat,https://www.tasteatlas.com/Eggplants,https://cdn.tasteatlas.com/images/ingredientgroups/9c53f075b64b42e1a8d446741e9904eb.png?h=120&w=120,https://www.tasteatlas.com/Onions,https://cdn.tasteatlas.com/images/ingredientgroups/bf73aa24e1b745988f43388bbdd27322.png?h=120&w=120,https://www.tasteatlas.com/tahini,https://cdn.tasteatlas.com/images/dishes/08e2555cf883451ca76b1a08c14a5247.png?h=120&w=120,https://www.tasteatlas.com/lemon-juices,https://cdn.tasteatlas.com/images/ingredientgroups/bbcffe4057b045df86c02995facd36b3.png?h=120&w=120,https://www.tasteatlas.com/garlic,https://cdn.tasteatlas.com/images/ingredientgroups/5863714d901146c094f8228eb52c1fcb.png?h=120&w=120,https://www.tasteatlas.com/coriander,https://cdn.tasteatlas.com/images/ingredientgroups/6070111d940042ddab6019a86951fc8b.png?h=120&w=120,
https://www.tasteatlas.com/sfouf,https://cdn.tasteatlas.com//images/dishes/f73eefda2aba43e6a47959f145b260e7.jpg?mw=660,23,Cake,https://www.tasteatlas.com/cakes,Sfouf,,Best in   (Beirut),Bou Melhem,https://www.tasteatlas.com/bou-melhem,"Sfouf is a popular Lebanese dessert that is mostly consumed during special occasions, be it a birthday, a family reunion, a religious holiday, or afternoon tea. The cake is characterized by its yellow color, largely due to the base of turmeric and...",,https://www.tasteatlas.com/sfouf/wheretoeat,,,,,,,,,,,,,n/a
https://www.tasteatlas.com/mafroukeh,https://cdn.tasteatlas.com//images/dishes/3238d542be724ee4ae7017d923b76f2b.jpg?mw=660,24,Dessert,https://www.tasteatlas.com/Desserts,Mafroukeh,,Best in   (Tripoli),Abdul Rahman Al Hallab,https://www.tasteatlas.com/AbdulRahmanAlHallab,"Mafroukeh is a traditional Lebanese dessert that combines semolina dough and —clotted cream that is often flavored with orange blossom and rose water. The dough is usually made by blending semolina flour, orange blossom and ros...",ashta,https://www.tasteatlas.com/mafroukeh/wheretoeat,,,,,,,,,,,,,n/a
https://www.tasteatlas.com/kibbeh-nayyeh,https://cdn.tasteatlas.com//images/dishes/b2b26c9e8cad4fbdbb02d6e0cf03f103.jpg?mw=660,25,Appetizer,https://www.tasteatlas.com/Appetizers,Kibbeh nayyeh,3.9,Best in   (Beirut),Tawlet Souk el Tayeb,https://www.tasteatlas.com/TawletSoukElTayeb,"Often compared to , this popular Lebanese delicacy incorporates raw lamb or beef, bulgur, finely chopped onions, and various spices such as cinnamon and allspice. Kibbeh nayyeh was traditionally prepared for special occasions...",steak tartare,https://www.tasteatlas.com/kibbeh-nayyeh/wheretoeat,https://www.tasteatlas.com/Beef,https://cdn.tasteatlas.com/images/ingredientgroups/3db7b6f60a934bc89f41a0c51acd08ac.png?h=120&w=120,https://www.tasteatlas.com/Lamb,https://cdn.tasteatlas.com/images/ingredientgroups/6303dec1aa394f72b07b8bf7e4572177.png?h=120&w=120,https://www.tasteatlas.com/Bulgurs,https://cdn.tasteatlas.com/images/ingredientgroups/7e6533f23fac450f86aece5b4095600e.png?h=120&w=120,https://www.tasteatlas.com/Onions,https://cdn.tasteatlas.com/images/ingredientgroups/bf73aa24e1b745988f43388bbdd27322.png?h=120&w=120,https://www.tasteatlas.com/allspice,https://cdn.tasteatlas.com/images/ingredientgroups/9f382c998e6b46b79ab26b34cd3b0c2c.png?h=120&w=120,https://www.tasteatlas.com/cinnamon,https://cdn.tasteatlas.com/images/ingredientgroups/bf4bc7a768a044549fcdcdadcb09f80b.png?h=120&w=120,
https://www.tasteatlas.com/batata-harra,https://cdn.tasteatlas.com//images/dishes/fbc29f58a25e4837a422f1b851943b65.jpg?mw=660,26,Appetizer,https://www.tasteatlas.com/Appetizers,Batata harra,4.5,Best in   (Beirut),T-Marbouta,https://www.tasteatlas.com/TMarbouta,"Batata harra is a spicy Lebanese vegetable dish made by frying potatoes, garlic, chili, and coriander in olive oil. The dish is traditionally served in a flatbread as an appetizer, and it is often accompanied by tahini sauce or a salad on the side...",,https://www.tasteatlas.com/batata-harra/wheretoeat,https://www.tasteatlas.com/Potatoes,https://cdn.tasteatlas.com/images/ingredientgroups/282779ae12bd41c8b1470862a313c360.png?h=120&w=120,https://www.tasteatlas.com/garlic,https://cdn.tasteatlas.com/images/ingredientgroups/5863714d901146c094f8228eb52c1fcb.png?h=120&w=120,https://www.tasteatlas.com/Hot-peppers,https://cdn.tasteatlas.com/images/ingredientgroups/e02c316cda454fff9c282a56a480b458.png?h=120&w=120,https://www.tasteatlas.com/coriander,https://cdn.tasteatlas.com/images/ingredientgroups/6070111d940042ddab6019a86951fc8b.png?h=120&w=120,https://www.tasteatlas.com/Olive-oil,https://cdn.tasteatlas.com/images/ingredientgroups/51f74167400e4342a76839cfdaa89693.png?h=120&w=120,https://www.tasteatlas.com/tahini,https://cdn.tasteatlas.com/images/dishes/08e2555cf883451ca76b1a08c14a5247.png?h=120&w=120,
https://www.tasteatlas.com/makanek,https://cdn.tasteatlas.com//images/dishes/620058a41a514dbab5d8085bda191a9b.jpg?mw=660,27,Sausage,https://www.tasteatlas.com/Sausages,Makanek,,,,,"Makanek are small Lebanese sausages made with lamb, beef, or a combination of both. The sausages are seasoned and spiced with cumin, cinnamon, nutmeg, pine nuts, vinegar, and white wine. The combination of ground meat and spices is stuffed into sh...",,https://www.tasteatlas.com/makanek/wheretoeat,,,,,,,,,,,,,n/a
https://www.tasteatlas.com/kunafah-lebanon,https://cdn.tasteatlas.com//Images/Dishes/fea42741c0934a0494256d70187f0803.jpg?mw=660,28,Sweet Pastry,https://www.tasteatlas.com/sweet-pastry,Kunāfah,4.4,Best in   (Beirut),L'abeille D'or,https://www.tasteatlas.com/labeille-dor,"Kunāfah consists of two crunchy layers of shredded and buttered  or  dough, filled with a luscious cheese cream that's often flavored with orange zest and cardamom, then drenched in a sugar syrup infused with lemon ju...",kataifi,https://www.tasteatlas.com/kunafah-lebanon/wheretoeat,https://www.tasteatlas.com/akkawi,https://cdn.tasteatlas.com/images/dishes/09a76a10b5d44cffa5e62e170de95cf9.png?h=120&w=120,https://www.tasteatlas.com/Butter,https://cdn.tasteatlas.com/images/ingredientgroups/82d84a396a544682bb2954283d8666e6.png?h=120&w=120,https://www.tasteatlas.com/Cream,https://cdn.tasteatlas.com/images/ingredientgroups/a76acdd303af40d8a855f274ac9ac6d4.png?h=120&w=120,https://www.tasteatlas.com/Sugar,https://cdn.tasteatlas.com/images/ingredientgroups/ae857e2ec0504a6590b41c0000f6678c.png?h=120&w=120,https://www.tasteatlas.com/Pistachios,https://cdn.tasteatlas.com/images/ingredientgroups/c0084d87b3e6428a97e3a1585f3c03c4.png?h=120&w=120,https://www.tasteatlas.com/Almonds,https://cdn.tasteatlas.com/images/ingredientgroups/c6587193e7734331b4f484c821ccbede.png?h=120&w=120,
https://www.tasteatlas.com/meghli,https://cdn.tasteatlas.com//images/dishes/ee0383b551f849239c3556e993714d71.jpg?mw=660,29,Pudding,https://www.tasteatlas.com/puddings,Meghli,,Best in   (Beirut),Le Chef,https://www.tasteatlas.com/le-chef,"The traditional Lebanese rice pudding called meghli is a vegan, gluten, and dairy-free dish that is traditionally consumed to celebrate the birth of a baby. It is also said that the brown color of the spiced pudding is symbolic for the richness of...",,https://www.tasteatlas.com/meghli/wheretoeat,,,,,,,,,,,,,n/a
https://www.tasteatlas.com/arayes,https://cdn.tasteatlas.com//images/dishes/9806c3353b5d4e65a3b86f6c4c7e6195.jpg?mw=660,30,Snack,https://www.tasteatlas.com/Snacks,Arayes,,,,,"Arayes, translated from Arabic as , is a convenient snack consisting of pita bread filled with a mixture of minced meat that is seasoned and enriched with garlic, onions, and tomatoes. The bread is typically cut in quarters and then...",brides,https://www.tasteatlas.com/arayes/wheretoeat,,,,,,,,,,,,,n/a
https://www.tasteatlas.com/nammoura,https://cdn.tasteatlas.com//images/dishes/27abd00760a14ef79b7e68682c83242c.jpg?mw=660,31,Dessert,https://www.tasteatlas.com/Desserts,Nammoura,,,,,"Nammoura is a sticky and particularly sweet Lebanese dessert made from a basic dough of semolina, water, butter, and yeast. The dough is basked off in a greased pan and then soaked in a sugar syrup to top it off and create a moist cake. It is usua...",,https://www.tasteatlas.com/nammoura/wheretoeat,,,,,,,,,,,,,n/a
https://www.tasteatlas.com/jazarieh,https://www.tasteatlas.com/content/layout/images/thumbnail-no-photo-3.jpg,32,Dessert,https://www.tasteatlas.com/Desserts,Jazarieh,,,,,"Jazarieh is a Lebanese treat consisting of grated pumpkin shreds that are cooked in a sweet sugar syrup. The dish is mainly enjoyed as a dessert, and it typically has a soft, jam-like texture. Occasionally, pumpkin shreds are spiced or combined wi...",,https://www.tasteatlas.com/jazarieh/wheretoeat,,,,,,,,,,,,,n/a
https://www.tasteatlas.com/warak-enab,https://cdn.tasteatlas.com//images/dishes/e4ab668a48424a20a7793a5037d6dc9f.jpg?mw=660,33,Ground Meat Dish,https://www.tasteatlas.com/ground-meat-dishes,Warak enab,4.5,,,,"Warak enab is a traditional Lebanese dish consisting of stufffed grape leaves that are simmered in a lemon-flavored broth. The ingredients include grape leaves, ground beef, rice, allspice, cinnamon, salt, lemon juice, oil, and lamb chops or ribs ...",,https://www.tasteatlas.com/warak-enab/wheretoeat,,,,,,,,,,,,,
https://www.tasteatlas.com/makhlouta,https://cdn.tasteatlas.com//images/dishes/312ac0a7a0a34eb1831476c73fc6cac6.jpg?mw=660,34,Stew,https://www.tasteatlas.com/Stews,Makhlouta,,,,,"Makhlouta is a thick and rustic Lebanese stew that is prepared with a variety of beans, wheat, and legumes such as kidney, white, and garbanzo beans, chickpeas, lentils, and bulgur. The beans and legumes should be soaked overnight before they are ...",,https://www.tasteatlas.com/makhlouta/wheretoeat,https://www.tasteatlas.com/wheats,https://cdn.tasteatlas.com/images/ingredientgroups/81a62d794a8a4cda8bdc48deb9fe7d2c.png?h=120&w=120,https://www.tasteatlas.com/Chickpeas,https://cdn.tasteatlas.com/images/ingredientgroups/a2154e69886644589ba372adba14f005.png?h=120&w=120,https://www.tasteatlas.com/pinto-beans,https://cdn.tasteatlas.com/images/ingredientgroups/2d186ef1fb4f4255a3b0954a05abbae5.png?h=120&w=120,https://www.tasteatlas.com/Lentils,https://cdn.tasteatlas.com/images/ingredientgroups/54230c9c778849fb8b4742c78ee846ea.png?h=120&w=120,https://www.tasteatlas.com/Rice,https://cdn.tasteatlas.com/images/ingredientgroups/17d658e3b3964b849c47b9469c8e6465.png?h=120&w=120,https://www.tasteatlas.com/Bulgurs,https://cdn.tasteatlas.com/images/ingredientgroups/7e6533f23fac450f86aece5b4095600e.png?h=120&w=120,n/a
https://www.tasteatlas.com/dawood-basha,https://cdn.tasteatlas.com//images/dishes/5add701537af4ea3afa0663c083a1695.jpg?mw=660,35,Meatballs,https://www.tasteatlas.com/meatballs,Dawood basha,,,,,"Dawood basha is a traditional Lebanese dish consisting of meatballs that are braised in tomato sauce. The meatballs are made from ground beef or a combination of beef and lamb, along with onions, parsley, cayenne pepper, salt, and allspice. They a...",,https://www.tasteatlas.com/dawood-basha/wheretoeat,,,,,,,,,,,,,n/a
https://www.tasteatlas.com/hummus-beiruti,https://cdn.tasteatlas.com//images/dishes/26044a85322d4226ad950e47fcf93fb9.jpg?mw=660,36,Dip,https://www.tasteatlas.com/dips,Hummus Beiruti,4.8,,,,"Hummus Beiruti is a Lebanese version of hummus, the famous chickpea-based dip. This version adds a large amount of garlic and spices to it. It’s usually made with a combination of chickpeas, olive oil, garlic, yogurt, tahini, cold water, cum...",,https://www.tasteatlas.com/hummus-beiruti/wheretoeat,https://www.tasteatlas.com/Chickpeas,https://cdn.tasteatlas.com/images/ingredientgroups/a2154e69886644589ba372adba14f005.png?h=120&w=120,https://www.tasteatlas.com/Olive-oil,https://cdn.tasteatlas.com/images/ingredientgroups/51f74167400e4342a76839cfdaa89693.png?h=120&w=120,https://www.tasteatlas.com/garlic,https://cdn.tasteatlas.com/images/ingredientgroups/5863714d901146c094f8228eb52c1fcb.png?h=120&w=120,https://www.tasteatlas.com/yogurt,https://cdn.tasteatlas.com/images/dishes/242742c498304e40a7500080f677c360.png?h=120&w=120,https://www.tasteatlas.com/tahini,https://cdn.tasteatlas.com/images/dishes/08e2555cf883451ca76b1a08c14a5247.png?h=120&w=120,https://www.tasteatlas.com/cumin,https://cdn.tasteatlas.com/images/ingredientgroups/4249a750e5b54ffb8fb873a2c5463d06.png?h=120&w=120,
https://www.tasteatlas.com/laban-immo,https://cdn.tasteatlas.com//images/dishes/a2e526eb95bb4793b11d9b9ce805c034.jpg?mw=660,37,Lamb/Mutton Dish,https://www.tasteatlas.com/lamb-and-mutton-dishes,Laban immo,,,,,"Laban immo is a traditional Levantine dish that's prized for being simple and nutritious. It's a yogurt and rice specialty made with lamb. The name of the dish means the milk of his mother, and the ingredients used to prepare it include lamb neck,...",,https://www.tasteatlas.com/laban-immo/wheretoeat,https://www.tasteatlas.com/Lamb,https://cdn.tasteatlas.com/images/ingredientgroups/6303dec1aa394f72b07b8bf7e4572177.png?h=120&w=120,https://www.tasteatlas.com/yogurt,https://cdn.tasteatlas.com/images/dishes/242742c498304e40a7500080f677c360.png?h=120&w=120,https://www.tasteatlas.com/Onions,https://cdn.tasteatlas.com/images/ingredientgroups/bf73aa24e1b745988f43388bbdd27322.png?h=120&w=120,https://www.tasteatlas.com/garlic,https://cdn.tasteatlas.com/images/ingredientgroups/5863714d901146c094f8228eb52c1fcb.png?h=120&w=120,https://www.tasteatlas.com/mint,https://cdn.tasteatlas.com/images/ingredientgroups/b6c5042f1598417c8fa444f42310d56a.png?h=120&w=120,https://www.tasteatlas.com/Butter,https://cdn.tasteatlas.com/images/ingredientgroups/82d84a396a544682bb2954283d8666e6.png?h=120&w=120,n/a
https://www.tasteatlas.com/shishbarak,https://cdn.tasteatlas.com//images/dishes/ec8bf3ab1f194d3586ed96a020e28f65.jpg?mw=660,38,Dumplings,https://www.tasteatlas.com/Dumplings,Shishbarak,,,,,This combination of meat-stuffed dumplings and yogurt is common in Levantine cuisine. The dish consists of tiny dumplings—believed to have originated in Iran under the name —that are filled with a combination of meat a...,joshpara,https://www.tasteatlas.com/shishbarak/wheretoeat,https://www.tasteatlas.com/Lamb,https://cdn.tasteatlas.com/images/ingredientgroups/6303dec1aa394f72b07b8bf7e4572177.png?h=120&w=120,https://www.tasteatlas.com/Flour,https://cdn.tasteatlas.com/images/ingredientgroups/6980492bc1fb48d292831ababd8816c3.png?h=120&w=120,https://www.tasteatlas.com/garlic,https://cdn.tasteatlas.com/images/ingredientgroups/5863714d901146c094f8228eb52c1fcb.png?h=120&w=120,https://www.tasteatlas.com/cumin,https://cdn.tasteatlas.com/images/ingredientgroups/4249a750e5b54ffb8fb873a2c5463d06.png?h=120&w=120,https://www.tasteatlas.com/harissa-tunisia,https://cdn.tasteatlas.com/images/dishes/76d6beed5245423dbbd7c32488369bd4.png?h=120&w=120,https://www.tasteatlas.com/coriander,https://cdn.tasteatlas.com/images/ingredientgroups/6070111d940042ddab6019a86951fc8b.png?h=120&w=120,n/a
https://www.tasteatlas.com/samke-harra,https://cdn.tasteatlas.com//images/dishes/5e1110cc0a6d489aa81663790f62fc3a.jpg?mw=660,39,Saltwater Fish Dish,https://www.tasteatlas.com/saltwater-fish-dishes,Samke harra,,,,,Samke harra is a traditional Lebanese dish that means spicy fish when translated from Arabic. The dish is a specialty of El-Mina and it's usually prepared for special occasions. It consists of a baked fish that served with nuts and a sauce made fr...,,https://www.tasteatlas.com/samke-harra/wheretoeat,,,,,,,,,,,,,n/a
https://www.tasteatlas.com/faysalieh,https://www.tasteatlas.com/content/layout/images/thumbnail-no-photo-1.jpg,40,Sweet Pastry,https://www.tasteatlas.com/sweet-pastry,Faysalieh,,,,,"Faysalieh is triangle-shaped baklava combining a nut filling and an outer shell that is made from thin threads of  (knefe) dough. The pastry is typically filled with pistachios, but some varieties replace the nut filling with cream...",kataifi,https://www.tasteatlas.com/faysalieh/wheretoeat,https://www.tasteatlas.com/Pistachios,https://cdn.tasteatlas.com/images/ingredientgroups/c0084d87b3e6428a97e3a1585f3c03c4.png?h=120&w=120,https://www.tasteatlas.com/corn-flours,https://cdn.tasteatlas.com/images/ingredientgroups/aa0dbd7a5bac4bfa8e827a70993fe6f2.png?h=120&w=120,https://www.tasteatlas.com/vegetable-oils,https://cdn.tasteatlas.com/images/ingredientgroups/9645da0c09ec4cebb19ef9a91a4e3ecf.png?h=120&w=120,https://www.tasteatlas.com/sugar-syrups,https://cdn.tasteatlas.com/images/ingredientgroups/8b1aa8cc46f7435c83cfb8dce4f14f69.png?h=120&w=120,,,,,n/a
https://www.tasteatlas.com/ghameh,https://www.tasteatlas.com/content/layout/images/thumbnail-no-photo-1.jpg,41,Offal Dish,https://www.tasteatlas.com/Offal,Ghameh,,,,,Ghameh is a traditional Lebanese dish of stuffed tripe and intestines. Both need to be washed in soapy water and rinsed several times in order to remove the slightly off-putting aromas and flavors. They're usually stuffed with a combination of chi...,,https://www.tasteatlas.com/ghameh/wheretoeat,,,,,,,,,,,,,n/a
https://www.tasteatlas.com/asabi,https://www.tasteatlas.com/content/layout/images/thumbnail-no-photo-4.jpg,42,Dessert,https://www.tasteatlas.com/Desserts,Asabi,,,,,"This baklava variety consists of thin phyllo sheets that are traditionally filled with walnuts, although modern varieties may employ various chopped or ground nuts. The sheets are then rolled and cut into the desired size before they are baked and...",,https://www.tasteatlas.com/asabi/wheretoeat,https://www.tasteatlas.com/nuts,https://cdn.tasteatlas.com/images/ingredientgroups/0641a2da3cfe4d998fced5b092b43999.png?h=120&w=120,https://www.tasteatlas.com/Walnuts,https://cdn.tasteatlas.com/images/ingredientgroups/ba2b29e1021746729a5afa8899ff8d7b.png?h=120&w=120,https://www.tasteatlas.com/Flour,https://cdn.tasteatlas.com/images/ingredientgroups/6980492bc1fb48d292831ababd8816c3.png?h=120&w=120,https://www.tasteatlas.com/Olive-oil,https://cdn.tasteatlas.com/images/ingredientgroups/51f74167400e4342a76839cfdaa89693.png?h=120&w=120,https://www.tasteatlas.com/Vinegar,https://cdn.tasteatlas.com/images/ingredientgroups/2dd31d3caa6049a486090f5204644be5.png?h=120&w=120,https://www.tasteatlas.com/Lemons,https://cdn.tasteatlas.com/images/ingredientgroups/e72116820fd94959b9d5e570b3df6316.png?h=120&w=120,n/a
https://www.tasteatlas.com/bukaj-baklava,https://www.tasteatlas.com/content/layout/images/thumbnail-no-photo-2.jpg,43,Sweet Pastry,https://www.tasteatlas.com/sweet-pastry,Bukaj baklava,,,,,"This baklava variety consists of layered rectangular sheets of phyllo dough that are filled with various chopped nuts. Each corner of the dough is raised to partially enclose the filling, creating a small parcel-like treat that is then doused in b...",,https://www.tasteatlas.com/bukaj-baklava/wheretoeat,https://www.tasteatlas.com/Cashews,https://cdn.tasteatlas.com/images/ingredientgroups/e3db9e38eecc4cde8846d0d1a9af3797.png?h=120&w=120,https://www.tasteatlas.com/pine-nuts,https://cdn.tasteatlas.com/images/ingredientgroups/2108a7804fe04f57a002907791e0e43f.png?h=120&w=120,https://www.tasteatlas.com/Pistachios,https://cdn.tasteatlas.com/images/ingredientgroups/c0084d87b3e6428a97e3a1585f3c03c4.png?h=120&w=120,https://www.tasteatlas.com/Flour,https://cdn.tasteatlas.com/images/ingredientgroups/6980492bc1fb48d292831ababd8816c3.png?h=120&w=120,https://www.tasteatlas.com/Olive-oil,https://cdn.tasteatlas.com/images/ingredientgroups/51f74167400e4342a76839cfdaa89693.png?h=120&w=120,https://www.tasteatlas.com/Vinegar,https://cdn.tasteatlas.com/images/ingredientgroups/2dd31d3caa6049a486090f5204644be5.png?h=120&w=120,n/a
https://www.tasteatlas.com/basma,https://www.tasteatlas.com/content/layout/images/thumbnail-no-photo-4.jpg,44,Dessert,https://www.tasteatlas.com/Desserts,Basma,,,,,"This baklava variety consists of chopped or ground nuts that are placed between two layers of shredded or ground  (knefe) dough. The nut filling typically includes pistachios, cashews, or pine nuts, and the whole pastry is doused i...",kataifi,https://www.tasteatlas.com/basma/wheretoeat,https://www.tasteatlas.com/Cashews,https://cdn.tasteatlas.com/images/ingredientgroups/e3db9e38eecc4cde8846d0d1a9af3797.png?h=120&w=120,https://www.tasteatlas.com/pine-nuts,https://cdn.tasteatlas.com/images/ingredientgroups/2108a7804fe04f57a002907791e0e43f.png?h=120&w=120,https://www.tasteatlas.com/Pistachios,https://cdn.tasteatlas.com/images/ingredientgroups/c0084d87b3e6428a97e3a1585f3c03c4.png?h=120&w=120,https://www.tasteatlas.com/corn-flours,https://cdn.tasteatlas.com/images/ingredientgroups/aa0dbd7a5bac4bfa8e827a70993fe6f2.png?h=120&w=120,https://www.tasteatlas.com/vegetable-oils,https://cdn.tasteatlas.com/images/ingredientgroups/9645da0c09ec4cebb19ef9a91a4e3ecf.png?h=120&w=120,https://www.tasteatlas.com/sugar-syrups,https://cdn.tasteatlas.com/images/ingredientgroups/8b1aa8cc46f7435c83cfb8dce4f14f69.png?h=120&w=120,n/a
https://www.tasteatlas.com/hummus-kawarma,https://cdn.tasteatlas.com//images/dishes/aead09b7e58f4862ac7fad529329e75a.jpg?mw=660,45,Dip,https://www.tasteatlas.com/dips,Hummus kawarma,,,,,"Hummus kawarma is a traditional Lebanese version of hummus. In order to prepare it, freshly made hummus is topped with fried pieces of lamb. The hummus is made from chickpeas, tahini, lemon juice, crushed garlic, and cold water, while the kawarma ...",,https://www.tasteatlas.com/hummus-kawarma/wheretoeat,https://www.tasteatlas.com/hummus,https://cdn.tasteatlas.com/images/dishes/fe9e21ed92d64c1eb099feeadec1ecc4.png?h=120&w=120,https://www.tasteatlas.com/Lamb,https://cdn.tasteatlas.com/images/ingredientgroups/6303dec1aa394f72b07b8bf7e4572177.png?h=120&w=120,https://www.tasteatlas.com/Chickpeas,https://cdn.tasteatlas.com/images/ingredientgroups/a2154e69886644589ba372adba14f005.png?h=120&w=120,https://www.tasteatlas.com/tahini,https://cdn.tasteatlas.com/images/dishes/08e2555cf883451ca76b1a08c14a5247.png?h=120&w=120,https://www.tasteatlas.com/Lemons,https://cdn.tasteatlas.com/images/ingredientgroups/e72116820fd94959b9d5e570b3df6316.png?h=120&w=120,https://www.tasteatlas.com/garlic,https://cdn.tasteatlas.com/images/ingredientgroups/5863714d901146c094f8228eb52c1fcb.png?h=120&w=120,n/a
https://www.tasteatlas.com/asawer,https://www.tasteatlas.com/content/layout/images/thumbnail-no-photo-4.jpg,46,Dessert,https://www.tasteatlas.com/Desserts,Asawer,,,,,"Asawer is prepared with phyllo dough that is rolled and swirled to create a small, round baklava. Before it is rolled, phyllo sheets are occasionally sprinkled with ground nuts, and when baked, this round pastry is doused in rose-flavored sugar sy...",,https://www.tasteatlas.com/asawer/wheretoeat,https://www.tasteatlas.com/Cashews,,https://www.tasteatlas.com/pine-nuts,,https://www.tasteatlas.com/Pistachios,,https://www.tasteatlas.com/Flour,,https://www.tasteatlas.com/Olive-oil,,https://www.tasteatlas.com/Vinegar,,n/a