search-results__item-image href,search-results__item-image src,similar-list__item-position,group,group href,h2,score-text,similar-list__item-description,similar-list__item-description 2,similar-list__item-description href,search-results__item-description,search-results__item-link href 2,search-results__item-description 2,mini-ingredients__link href,mini-ingredients__image src,mini-ingredients__link href 2,mini-ingredients__image src 2,mini-ingredients__link href 3,mini-ingredients__image src 3,mini-ingredients__link href 4,mini-ingredients__image src 4,mini-ingredients__link href 5,mini-ingredients__image src 5,mini-ingredients__link href 6,mini-ingredients__image src 6,item-location href,item-location src,item-location,mini-ingredients__or,score-text--na
https://www.tasteatlas.com/pirog,https://cdn.tasteatlas.com//images/dishes/2505620dcddf44ffa1fd21446d1626a4.jpg?mw=660,1,Savory Pie,https://www.tasteatlas.com/savory-pies,Pirog,4.2,Best in   (Moscow),Stolle,https://www.tasteatlas.com/stolle,"Pirog is a popular Russian pie made from yeast dough, shortcrust, or puff pastry that is filled with either sweet or savory ingredients. Some of the more popular fillings include meat, fish, mushrooms, cheese, cabbage, potatoes, and fruits such as...",https://www.tasteatlas.com/pirog/wheretoeat,,,,,,,,,,,,,,,,,,
https://www.tasteatlas.com/zakuski,https://cdn.tasteatlas.com//Images/Dishes/e08c6bbc843c4dfdac898f96eeb9636d.jpg?mw=660,2,Assorted Small Dishes or Ritual,https://www.tasteatlas.com/small-dishes,Zakuski,4.3,Best in   (Moscow),Yolki-Palki,https://www.tasteatlas.com/YolkiPalki,"Before every traditional Russian main meal, there are , a course of appetizers that are usually served to guests who are seated around the table, although a buffet arrangement is also quite common. For special events, there might b...",https://www.tasteatlas.com/zakuski/wheretoeat,zakuski,https://www.tasteatlas.com/herrings,https://cdn.tasteatlas.com/images/ingredientgroups/80ae21710b104835bc0b61adebf572e0.png?h=120&w=120,https://www.tasteatlas.com/Cheese,https://cdn.tasteatlas.com/images/ingredientgroups/764215a242064199930b80927dfbc2f0.png?h=120&w=120,https://www.tasteatlas.com/pickled-vegetables,https://cdn.tasteatlas.com/images/ingredientgroups/bd15e7b0df76474bbc010821fa77412b.png?h=120&w=120,https://www.tasteatlas.com/Breads,https://cdn.tasteatlas.com/images/dishgroups/1cf6c4cfb4354189b4bc5bb6a46ad000.png?h=120&w=120,https://www.tasteatlas.com/Beef,https://cdn.tasteatlas.com/images/ingredientgroups/3db7b6f60a934bc89f41a0c51acd08ac.png?h=120&w=120,https://www.tasteatlas.com/Pork,https://cdn.tasteatlas.com/images/ingredientgroups/905dbdf1da5f4687bd091624f5e3180d.png?h=120&w=120,,,,,
https://www.tasteatlas.com/bliny,https://cdn.tasteatlas.com//images/dishes/9f7f1aa591974052975991999aa30895.jpg?mw=660,3,Pancake,https://www.tasteatlas.com/pancakes,Blini,4.4,Best in   (Moscow),Café Pushkin,https://www.tasteatlas.com/CafePushkin,"These traditional Russian pancakes are prepared with flour, eggs, milk, yeast, and a pinch of salt. What distinguishes them from other pancakes is the addition of yeast, since similar equivalents mostly do not add any leavening agents. The batter ...",https://www.tasteatlas.com/bliny/wheretoeat,,https://www.tasteatlas.com/Flour,https://cdn.tasteatlas.com/images/ingredientgroups/6980492bc1fb48d292831ababd8816c3.png?h=120&w=120,https://www.tasteatlas.com/Eggs,https://cdn.tasteatlas.com/images/ingredientgroups/68062afe91e64f1ba087f7caf87a7fdb.png?h=120&w=120,https://www.tasteatlas.com/Milk,https://cdn.tasteatlas.com/images/ingredientgroups/32cfca5acc5c40ef8daecc359371a43e.png?h=120&w=120,https://www.tasteatlas.com/yeasts,https://cdn.tasteatlas.com/images/ingredientgroups/805b01e32cd74f6fbdc87146dbad384f.png?h=120&w=120,https://www.tasteatlas.com/Salt,https://cdn.tasteatlas.com/images/ingredientgroups/812de2786a274b7e85a4c54cc0fb40d2.png?h=120&w=120,https://www.tasteatlas.com/caviar,https://cdn.tasteatlas.com/images/ingredientgroups/aaf0d6e5ee7441abb623f457e6ee6507.png?h=120&w=120,,,,,
https://www.tasteatlas.com/kasha,https://cdn.tasteatlas.com//Images/Dishes/ee60c7c639314b76918e97a37e547531.jpg?mw=660,4,Porridge,https://www.tasteatlas.com/Porridge,Kasha,3.2,Best in   (Moscow),Grand Cafe Dr. Zhivago,https://www.tasteatlas.com/DrZhivago,"The fundamental dish of Russian cuisine is known as , a porridge that has represented an essential Russian meal for centuries. Russian kasha refers to various dishes which are created with cereals, most commonly rice, wheat, or mille...",https://www.tasteatlas.com/kasha/wheretoeat,kasha,https://www.tasteatlas.com/Rice,https://cdn.tasteatlas.com/images/ingredientgroups/17d658e3b3964b849c47b9469c8e6465.png?h=120&w=120,https://www.tasteatlas.com/Buckwheats,https://cdn.tasteatlas.com/images/ingredientgroups/6fefa7524ae44985a39405b1d7370a97.png?h=120&w=120,https://www.tasteatlas.com/Beets,https://cdn.tasteatlas.com/images/ingredientgroups/39144d113fc342b79457b9bc0a850b95.png?h=120&w=120,https://www.tasteatlas.com/Carrots,https://cdn.tasteatlas.com/images/ingredientgroups/c497c7c9cd1447ebabf0565c1ef4387e.png?h=120&w=120,https://www.tasteatlas.com/Mushrooms,https://cdn.tasteatlas.com/images/ingredientgroups/3be243024e714da6bca45d9377397805.png?h=120&w=120,https://www.tasteatlas.com/Lemons,https://cdn.tasteatlas.com/images/ingredientgroups/e72116820fd94959b9d5e570b3df6316.png?h=120&w=120,,,,,
https://www.tasteatlas.com/pelmeni,https://cdn.tasteatlas.com//Images/Dishes/6e68f2f09cc84017959214917a02b574.jpg?mw=660,5,Dumplings,https://www.tasteatlas.com/Dumplings,Pelmeni,4.2,Best in   (Moscow),Lepim i Varim,https://www.tasteatlas.com/LepimIVarim,"Pelmeni is one of Russia's national dishes, a small dumpling with a delicately thin dough, filled with anything from ground meat or fish to mushrooms. The fillings can be mild or very spicy, depending on the amount of seasonings such as various fr...",https://www.tasteatlas.com/pelmeni/wheretoeat,,https://www.tasteatlas.com/Flour,https://cdn.tasteatlas.com/images/ingredientgroups/6980492bc1fb48d292831ababd8816c3.png?h=120&w=120,https://www.tasteatlas.com/Eggs,https://cdn.tasteatlas.com/images/ingredientgroups/68062afe91e64f1ba087f7caf87a7fdb.png?h=120&w=120,https://www.tasteatlas.com/Beef,https://cdn.tasteatlas.com/images/ingredientgroups/3db7b6f60a934bc89f41a0c51acd08ac.png?h=120&w=120,https://www.tasteatlas.com/Chicken,https://cdn.tasteatlas.com/images/ingredientgroups/cc2384e25f3c4d52be5abe779ef2ad9b.png?h=120&w=120,https://www.tasteatlas.com/Freshwater-fish,https://cdn.tasteatlas.com/images/ingredientgroups/524a46f1e56f4044ac9c6ff0b4c26468.png?h=120&w=120,https://www.tasteatlas.com/Onions,https://cdn.tasteatlas.com/images/ingredientgroups/bf73aa24e1b745988f43388bbdd27322.png?h=120&w=120,https://www.tasteatlas.com/perm-krai,https://cdn.tasteatlas.com/images/emblems/2894d8bd1a0d451cbd6535c7926fa7d4.png,Perm Krai,OR,
https://www.tasteatlas.com/beef-stroganoff,https://cdn.tasteatlas.com//images/dishes/a3078ca2ae154366aed6f4e3aa61bc82.jpg?mw=660,6,Beef Dish,https://www.tasteatlas.com/beef-dishes,Beef Stroganoff,4.0,Best in   (Moscow),Café Pushkin,https://www.tasteatlas.com/CafePushkin,"When it first appeared in the mid-19th-century Russia, beef Stroganoff was a dish made out of lightly floured beef cubes that have been sautéed and cooked in a simple sauce made from stock and mustard with only a small amount of sour cream....",https://www.tasteatlas.com/beef-stroganoff/wheretoeat,,https://www.tasteatlas.com/Beef,https://cdn.tasteatlas.com/images/ingredientgroups/3db7b6f60a934bc89f41a0c51acd08ac.png?h=120&w=120,https://www.tasteatlas.com/Mustard,https://cdn.tasteatlas.com/images/ingredientgroups/36f67695affa43ec9a0397a775614c85.png?h=120&w=120,https://www.tasteatlas.com/sour-cream,https://cdn.tasteatlas.com/images/ingredientgroups/929559246bc24b9597fcefe8eef305f7.png?h=120&w=120,https://www.tasteatlas.com/stocks,https://cdn.tasteatlas.com/images/ingredientgroups/27990ac3f60a4812ad3aadf8f044cdb6.png?h=120&w=120,https://www.tasteatlas.com/Onions,https://cdn.tasteatlas.com/images/ingredientgroups/bf73aa24e1b745988f43388bbdd27322.png?h=120&w=120,https://www.tasteatlas.com/Flour,https://cdn.tasteatlas.com/images/ingredientgroups/6980492bc1fb48d292831ababd8816c3.png?h=120&w=120,,,,,
https://www.tasteatlas.com/varenye,https://cdn.tasteatlas.com//Images/Dishes/b9fa285a3a8a40efb6fb44b3dfcf7e5b.jpg?mw=660,7,Dessert,https://www.tasteatlas.com/Desserts,Varenye,4.1,Best in   (Yekaterinburg),Troyekurov,https://www.tasteatlas.com/troyekurov,"Varenye is a traditional Russian dessert consisting of various fruits and berries cooked together with sugar. The ingredients should not lose their shape, dissolve, or overcook in order for varenye to be properly prepared. Originally, varenye was ...",https://www.tasteatlas.com/varenye/wheretoeat,,,,,,,,,,,,,,,,,,
https://www.tasteatlas.com/medovik,https://cdn.tasteatlas.com//Images/Dishes/9863c29236aa4a188608ec198fcdab7d.jpg?mw=660,8,Cake,https://www.tasteatlas.com/cakes,Medovik,4.5,Best in   (Moscow),Mari Vanna Moscow,https://www.tasteatlas.com/MariVanna,"Medovik is a popular Russian layered honey cake consisting of honey-infused, almost biscuit-like sponges that are coated with thin layers of cream. Although there are numerous variations of the cake, the custard is usually prepared with whipped cr...",https://www.tasteatlas.com/medovik/wheretoeat,,https://www.tasteatlas.com/Flour,https://cdn.tasteatlas.com/images/ingredientgroups/6980492bc1fb48d292831ababd8816c3.png?h=120&w=120,https://www.tasteatlas.com/Eggs,https://cdn.tasteatlas.com/images/ingredientgroups/68062afe91e64f1ba087f7caf87a7fdb.png?h=120&w=120,https://www.tasteatlas.com/Sugar,https://cdn.tasteatlas.com/images/ingredientgroups/ae857e2ec0504a6590b41c0000f6678c.png?h=120&w=120,https://www.tasteatlas.com/Honey,https://cdn.tasteatlas.com/images/ingredientgroups/a5a217a77bba4b058da954c06e385041.png?h=120&w=120,https://www.tasteatlas.com/baking-powder,https://cdn.tasteatlas.com/images/ingredientgroups/f7e7555a30e44b63993b9aa893fd064c.png?h=120&w=120,https://www.tasteatlas.com/sour-cream,https://cdn.tasteatlas.com/images/ingredientgroups/929559246bc24b9597fcefe8eef305f7.png?h=120&w=120,,,,,
https://www.tasteatlas.com/golubtsy,https://cdn.tasteatlas.com//Images/Dishes/e26c9d47805d4b528385c249867b993c.jpg?mw=660,9,Ground Meat Dish,https://www.tasteatlas.com/ground-meat-dishes,Golubtsy,4.2,Best in   (Moscow),Grand Cafe Dr. Zhivago,https://www.tasteatlas.com/DrZhivago,"Russian golubtsy are cabbage rolls stuffed with ground beef that is combined with either rice or buckwheat. However, not only rice and meat may be used as a filling, as cabbage stuffed with any ingredient is the only necessary component for the di...",https://www.tasteatlas.com/golubtsy/wheretoeat,,https://www.tasteatlas.com/Cabbages,https://cdn.tasteatlas.com/images/ingredientgroups/037403c6717345dfba27bed2dc805b5d.png?h=120&w=120,https://www.tasteatlas.com/Beef,https://cdn.tasteatlas.com/images/ingredientgroups/3db7b6f60a934bc89f41a0c51acd08ac.png?h=120&w=120,https://www.tasteatlas.com/Pork,https://cdn.tasteatlas.com/images/ingredientgroups/905dbdf1da5f4687bd091624f5e3180d.png?h=120&w=120,https://www.tasteatlas.com/Buckwheats,https://cdn.tasteatlas.com/images/ingredientgroups/6fefa7524ae44985a39405b1d7370a97.png?h=120&w=120,https://www.tasteatlas.com/Rice,https://cdn.tasteatlas.com/images/ingredientgroups/17d658e3b3964b849c47b9469c8e6465.png?h=120&w=120,https://www.tasteatlas.com/Carrots,https://cdn.tasteatlas.com/images/ingredientgroups/c497c7c9cd1447ebabf0565c1ef4387e.png?h=120&w=120,,,,OR,
https://www.tasteatlas.com/olivier-salad,https://cdn.tasteatlas.com//Images/Dishes/4ead9215212342ddbcaac246fc7a8398.jpg?mw=660,10,Salad,https://www.tasteatlas.com/Salads,Olivier Salad,4.0,Best in   (Moscow),Mari Vanna Moscow,https://www.tasteatlas.com/MariVanna,"Olivier salad is a Russian salad with variable ingredients, but it is typically made with chopped vegetables, meat, and mayonnaise. The key ingredients include diced potatoes, vegetables, eggs, chicken, or ham. This salad is one of the most import...",https://www.tasteatlas.com/olivier-salad/wheretoeat,,https://www.tasteatlas.com/Potatoes,https://cdn.tasteatlas.com/images/ingredientgroups/282779ae12bd41c8b1470862a313c360.png?h=120&w=120,https://www.tasteatlas.com/mayonnaise,https://cdn.tasteatlas.com/images/dishes/1839d40499514008ba765c0c1815f7e2.png?h=120&w=120,https://www.tasteatlas.com/Peas,https://cdn.tasteatlas.com/images/ingredientgroups/f49668f69a994008a384f5bdc71b7e8d.png?h=120&w=120,https://www.tasteatlas.com/Eggs,https://cdn.tasteatlas.com/images/ingredientgroups/68062afe91e64f1ba087f7caf87a7fdb.png?h=120&w=120,https://www.tasteatlas.com/dill,https://cdn.tasteatlas.com/images/ingredientgroups/8384c9ba7c584ab2901cac3361e56fea.png?h=120&w=120,https://www.tasteatlas.com/Picklings,https://cdn.tasteatlas.com/images/dishgroups/ed693cb967654e728565a8ad08057db4.png?h=120&w=120,https://www.tasteatlas.com/moscow,,Moscow,,
https://www.tasteatlas.com/vinegret,https://cdn.tasteatlas.com//Images/Dishes/187ff9ff42764a499ae6376c385be4f5.jpg?mw=660,11,Salad,https://www.tasteatlas.com/Salads,Vinegret,3.3,Best in   (Moscow),Brothers Karavaevi,https://www.tasteatlas.com/BrothersKaravaevi,"Originally invented in the 19th century,  is the oldest, extremely popular Russian salad usually consisting of boiled beets, potatoes, and carrots combined with diced pickles, sauerkraut, and onions. The name of the salad is deriv...",https://www.tasteatlas.com/vinegret/wheretoeat,vinegret,https://www.tasteatlas.com/Vinegar,https://cdn.tasteatlas.com/images/ingredientgroups/2dd31d3caa6049a486090f5204644be5.png?h=120&w=120,https://www.tasteatlas.com/sunflower-oils,https://cdn.tasteatlas.com/images/ingredientgroups/129a92222faa455392f43cc1a8957fcc.png?h=120&w=120,https://www.tasteatlas.com/Mustard,https://cdn.tasteatlas.com/images/ingredientgroups/36f67695affa43ec9a0397a775614c85.png?h=120&w=120,https://www.tasteatlas.com/sauerkraut,https://cdn.tasteatlas.com/images/dishes/6c957380abbf401db35d842a763e6eed.png?h=120&w=120,https://www.tasteatlas.com/Onions,https://cdn.tasteatlas.com/images/ingredientgroups/bf73aa24e1b745988f43388bbdd27322.png?h=120&w=120,https://www.tasteatlas.com/Carrots,https://cdn.tasteatlas.com/images/ingredientgroups/c497c7c9cd1447ebabf0565c1ef4387e.png?h=120&w=120,,,,,
https://www.tasteatlas.com/paskha,https://cdn.tasteatlas.com//Images/Dishes/7d383d59f3c54b338f4d54d6d2fab02b.jpg?mw=660,12,Cheese Dessert,https://www.tasteatlas.com/cheese-desserts,Paskha,4.1,Best in   (Yekaterinburg),Troyekurov,https://www.tasteatlas.com/troyekurov,"Paskha is a Russian dish consisting of  (farmer's cheese), butter, sugar, egg yolks, cream, and vanilla for flavoring. The dessert is traditionally prepared for Easter, its white color symbolizing Christ's purity and the Paschal Lam...",https://www.tasteatlas.com/paskha/wheretoeat,tvorog,,,,,,,,,,,,,,,,,
https://www.tasteatlas.com/shashlik,https://cdn.tasteatlas.com//Images/Dishes/e6d621b9d0d1454199f48e0db7c05b09.jpg?mw=660,13,Meat Dish,https://www.tasteatlas.com/Meat-dishes,Shashlik,4.6,Best in   (Moscow),Khachapuri,https://www.tasteatlas.com/khachapuri-restaurant,"Shashlik is the name for a traditional Central and West Asian barbecue consisting of marinated, skewered, and grilled chunks of meat such as lamb, beef, or pork, depending on regional and religious preferences. Lamb, beef, or pork is usually combi...",https://www.tasteatlas.com/shashlik/wheretoeat,,,,,,,,,,,,,,,,,,
https://www.tasteatlas.com/solyanka,https://cdn.tasteatlas.com//Images/Dishes/2391a17c047b4a9e8be712624fc720e3.jpg?mw=660,14,Soup,https://www.tasteatlas.com/Soups,Solyanka,3.9,Best in   (Moscow),Stolovaya No 57,https://www.tasteatlas.com/StolovayaNo57,"Solyanka is a traditional Russian soup made with meat, fish, or mushrooms, and vegetables such as tomatoes, onions, olives, and cabbage. The soup is usually served with lemon wedges on the side, but it is also flavored with lemon juice during the ...",https://www.tasteatlas.com/solyanka/wheretoeat,,https://www.tasteatlas.com/Beef,https://cdn.tasteatlas.com/images/ingredientgroups/3db7b6f60a934bc89f41a0c51acd08ac.png?h=120&w=120,https://www.tasteatlas.com/Chicken,https://cdn.tasteatlas.com/images/ingredientgroups/cc2384e25f3c4d52be5abe779ef2ad9b.png?h=120&w=120,https://www.tasteatlas.com/Pork,https://cdn.tasteatlas.com/images/ingredientgroups/905dbdf1da5f4687bd091624f5e3180d.png?h=120&w=120,https://www.tasteatlas.com/bay-leaves,https://cdn.tasteatlas.com/images/ingredientgroups/ed05cd6d676240efbb75684f6c536b7d.png?h=120&w=120,https://www.tasteatlas.com/Cabbages,https://cdn.tasteatlas.com/images/ingredientgroups/037403c6717345dfba27bed2dc805b5d.png?h=120&w=120,https://www.tasteatlas.com/Onions,https://cdn.tasteatlas.com/images/ingredientgroups/bf73aa24e1b745988f43388bbdd27322.png?h=120&w=120,,,,OR,
https://www.tasteatlas.com/shchi,https://cdn.tasteatlas.com//Images/Dishes/f1c0424002d14b1d847badfcaf7df158.jpg?mw=660,15,Soup,https://www.tasteatlas.com/Soups,Shchi,2.5,Best in   (Saint Petersburg),Chekhov,https://www.tasteatlas.com/Chekhov,"Shchi is a popular, traditional Russian soup made with sour cabbage, meat, mushrooms, flour, and seasonings. Originally, cabbage and meat such as beef, poultry, or pork were cooked separately, and  cream was added later as a garnis...",https://www.tasteatlas.com/shchi/wheretoeat,smetana,https://www.tasteatlas.com/Beef,https://cdn.tasteatlas.com/images/ingredientgroups/3db7b6f60a934bc89f41a0c51acd08ac.png?h=120&w=120,https://www.tasteatlas.com/Potatoes,https://cdn.tasteatlas.com/images/ingredientgroups/282779ae12bd41c8b1470862a313c360.png?h=120&w=120,https://www.tasteatlas.com/Carrots,https://cdn.tasteatlas.com/images/ingredientgroups/c497c7c9cd1447ebabf0565c1ef4387e.png?h=120&w=120,https://www.tasteatlas.com/Onions,https://cdn.tasteatlas.com/images/ingredientgroups/bf73aa24e1b745988f43388bbdd27322.png?h=120&w=120,https://www.tasteatlas.com/sauerkraut,https://cdn.tasteatlas.com/images/dishes/6c957380abbf401db35d842a763e6eed.png?h=120&w=120,https://www.tasteatlas.com/porcino,https://cdn.tasteatlas.com/images/dishes/489d7eb952ae4de4912621bd539399cb.png?h=120&w=120,,,,,
https://www.tasteatlas.com/pastila,https://cdn.tasteatlas.com//Images/Dishes/8d929db42b4540eaa145411e96fceed0.jpg?mw=660,16,Dessert,https://www.tasteatlas.com/Desserts,Pastila,4.0,Best in   (Kolomna),Museum Pastila Factory,https://www.tasteatlas.com/MuseumPastilaFactory,"is a traditional Russian sweet originating from the 17th century. It is a cross between candy and meringue cookies: light and airy puffs made from egg whites, sugar, and fruit, reminiscent of the popular . ...",https://www.tasteatlas.com/pastila/wheretoeat,Pastila,,,,,,,,,,,,,https://www.tasteatlas.com/kolomna,https://cdn.tasteatlas.com/images/emblems/f3e5296529f24c3f9799f6a8f214070a.png,Kolomna,,
https://www.tasteatlas.com/sharlotka,https://cdn.tasteatlas.com//Images/Dishes/d08a6e7102434441b9b6a8aabc213f04.jpg?mw=660,17,Sweet Pie,https://www.tasteatlas.com/sweet-pies,Sharlotka,3.9,Best in   (Moscow),Nude Coffee & Wine Bar,https://www.tasteatlas.com/nude-coffee--wine-bar,"Delicate, airy, and moist, sharlotka is the most popular Russian apple pie, mainly due to the ease of its preparation. It consists of eggs, sugar, flour, baking soda, and apple slices, but some people like to add honey or cinnamon into the cake in...",https://www.tasteatlas.com/sharlotka/wheretoeat,,https://www.tasteatlas.com/Apples,https://cdn.tasteatlas.com/images/ingredientgroups/3cf0f707ed454ef7910b788cdf8243ef.png?h=120&w=120,https://www.tasteatlas.com/Flour,https://cdn.tasteatlas.com/images/ingredientgroups/6980492bc1fb48d292831ababd8816c3.png?h=120&w=120,https://www.tasteatlas.com/Eggs,https://cdn.tasteatlas.com/images/ingredientgroups/68062afe91e64f1ba087f7caf87a7fdb.png?h=120&w=120,https://www.tasteatlas.com/Sugar,https://cdn.tasteatlas.com/images/ingredientgroups/ae857e2ec0504a6590b41c0000f6678c.png?h=120&w=120,https://www.tasteatlas.com/baking-soda,https://cdn.tasteatlas.com/images/ingredientgroups/eed7d6a3369340d6a1c6218e16f6cbe4.png?h=120&w=120,https://www.tasteatlas.com/cinnamon,https://cdn.tasteatlas.com/images/ingredientgroups/bf4bc7a768a044549fcdcdadcb09f80b.png?h=120&w=120,,,,,
https://www.tasteatlas.com/okroshka,https://cdn.tasteatlas.com//Images/Dishes/d5caf0c4a0d34b7aab41bdc6733eb6d1.jpg?mw=660,18,Cold Soup,https://www.tasteatlas.com/cold-soups,Okroshka,3.0,Best in   (Saint Petersburg),Mansarda,https://www.tasteatlas.com/mansarda,"Okroshka is a classic Russian cold soup consisting of chopped vegetables, cooked meats, and potatoes in a base of  (a fermented wheat drink) or . Depending on the regional varieties, the meat used in okroshka can range ...",https://www.tasteatlas.com/okroshka/wheretoeat,kvass,https://www.tasteatlas.com/boiled-hams,https://cdn.tasteatlas.com/images/ingredientgroups/fb34b118929b46ddae86e0f84ab6d1d9.png?h=120&w=120,https://www.tasteatlas.com/Sausages,https://cdn.tasteatlas.com/images/dishgroups/ffcde30e795b4a6f85a482358723a706.png?h=120&w=120,https://www.tasteatlas.com/Cucumbers,https://cdn.tasteatlas.com/images/ingredientgroups/4130274c7033414bad32e0540631ff2d.png?h=120&w=120,https://www.tasteatlas.com/scallions,https://cdn.tasteatlas.com/images/ingredientgroups/b67f7d1375b542e6983e7b9d3750603f.png?h=120&w=120,https://www.tasteatlas.com/dill,https://cdn.tasteatlas.com/images/ingredientgroups/8384c9ba7c584ab2901cac3361e56fea.png?h=120&w=120,https://www.tasteatlas.com/radishes,https://cdn.tasteatlas.com/images/ingredientgroups/b5fc9e4af2ca4f48a844773d630190f8.png?h=120&w=120,,,,OR,
https://www.tasteatlas.com/ukha,https://cdn.tasteatlas.com//Images/Dishes/283bff6a6d1b40cc9313101a4bf2fa2b.jpg?mw=660,19,Fish Soup,https://www.tasteatlas.com/fish-soups,Ukha,3.4,Best in   (Moscow),Teremok,https://www.tasteatlas.com/Teremok,"Ukha is a rustic Russian soup consisting of a broth filled with herbs, seasonings, root vegetables, and fish such as salmon, cod, perch, and trout. A bit of vodka is often added into the pot while the soup is simmering. Although it originated as a...",https://www.tasteatlas.com/ukha/wheretoeat,,https://www.tasteatlas.com/cods,https://cdn.tasteatlas.com/images/ingredientgroups/50d034c867d14f909a90fd06b36740f4.png?h=120&w=120,https://www.tasteatlas.com/salmon,https://cdn.tasteatlas.com/images/ingredientgroups/22af2005e0a4498f999ee4db2d1eb02d.png?h=120&w=120,https://www.tasteatlas.com/trout,https://cdn.tasteatlas.com/images/ingredientgroups/2fbc6fd5adf14320baff5ca728b452de.png?h=120&w=120,https://www.tasteatlas.com/Onions,https://cdn.tasteatlas.com/images/ingredientgroups/bf73aa24e1b745988f43388bbdd27322.png?h=120&w=120,https://www.tasteatlas.com/Carrots,https://cdn.tasteatlas.com/images/ingredientgroups/c497c7c9cd1447ebabf0565c1ef4387e.png?h=120&w=120,https://www.tasteatlas.com/Olive-oil,https://cdn.tasteatlas.com/images/ingredientgroups/51f74167400e4342a76839cfdaa89693.png?h=120&w=120,,,,OR,
https://www.tasteatlas.com/kissel,https://cdn.tasteatlas.com//Images/Dishes/ecf2de450584461d9934756caf12fa67.jpg?mw=660,20,Dessert,https://www.tasteatlas.com/Desserts,Kissel,3.3,Best in   (Saint Petersburg),Mechta Molokhovets,https://www.tasteatlas.com/mechta-molokhovets,"is an interesting fruit combination, often referred to as a dessert drink or soup, usually made with refreshing summer berries. It is prepared with water, mashed fruit or fruit juice, and thickening agents such as cornstarch or pot...",https://www.tasteatlas.com/kissel/wheretoeat,Kissel,https://www.tasteatlas.com/Cherries,https://cdn.tasteatlas.com/images/ingredientgroups/0411ae75867b42a0b65c39cc5a44e7ee.png?h=120&w=120,https://www.tasteatlas.com/cranberries,https://cdn.tasteatlas.com/images/ingredientgroups/a8e1b81b5e2141c3859c0e8221d72eb2.png?h=120&w=120,https://www.tasteatlas.com/redcurrants,https://cdn.tasteatlas.com/images/ingredientgroups/5dde970d224a4a688a7c5b02265f1522.png?h=120&w=120,https://www.tasteatlas.com/Sugar,https://cdn.tasteatlas.com/images/ingredientgroups/ae857e2ec0504a6590b41c0000f6678c.png?h=120&w=120,https://www.tasteatlas.com/starches,https://cdn.tasteatlas.com/images/ingredientgroups/6cd25d6c7477415eb731bb579b6a80c4.png?h=120&w=120,,,,,,OR,
https://www.tasteatlas.com/rassolnik,https://cdn.tasteatlas.com//Images/Dishes/09bbfa673f52425ebebca95a1aa0198e.jpg?mw=660,21,Soup,https://www.tasteatlas.com/Soups,Rassolnik,2.8,Best in   (Irkutsk),Rassolnik,https://www.tasteatlas.com/RassolnikRussia,"is a popular Russian soup with a unique aroma and flavor coming from pickled cucumbers, pearl barley, vegetables such as potatoes, onions, and carrots, fresh herbs, and offal such as chicken liver and beef or pork kidneys. Origi...",https://www.tasteatlas.com/rassolnik/wheretoeat,Rassolnik,https://www.tasteatlas.com/Potatoes,https://cdn.tasteatlas.com/images/ingredientgroups/282779ae12bd41c8b1470862a313c360.png?h=120&w=120,https://www.tasteatlas.com/organ-meats,https://cdn.tasteatlas.com/images/ingredientgroups/108bd41467d64291a9f31591dda75d8a.png?h=120&w=120,https://www.tasteatlas.com/Carrots,https://cdn.tasteatlas.com/images/ingredientgroups/c497c7c9cd1447ebabf0565c1ef4387e.png?h=120&w=120,https://www.tasteatlas.com/parsnips,https://cdn.tasteatlas.com/images/ingredientgroups/c8df7467755a46948c91e21ae29dcec0.png?h=120&w=120,https://www.tasteatlas.com/Barleys,https://cdn.tasteatlas.com/images/ingredientgroups/f661a4b8a0744d6c9c562e017585be0f.png?h=120&w=120,https://www.tasteatlas.com/parsley,https://cdn.tasteatlas.com/images/ingredientgroups/205f99273994439fb0e05fa744a9d98a.png?h=120&w=120,,,,,
https://www.tasteatlas.com/pirozhki,https://cdn.tasteatlas.com//Images/Dishes/027159ad71444e978837dc6210d1fab8.jpg?mw=660,22,Savory Pastry,https://www.tasteatlas.com/savory-pastry,Pirozhki,4.3,Best in   (Moscow),Café Pushkin,https://www.tasteatlas.com/CafePushkin,"Pirozhki is one of the most popular Russian dishes, often sold as street food, although it can also be made at home. The pocket-sized, oval-shaped pirozhki are yeast dough buns stuffed with a variety of ingredients such as fresh fruits, jams, and ...",https://www.tasteatlas.com/pirozhki/wheretoeat,,,,,,,,,,,,,,,,,,
https://www.tasteatlas.com/vatrushka,https://cdn.tasteatlas.com//Images/Dishes/012139698e1949bda31208763555fc03.jpg?mw=660,23,Sweet Pastry,https://www.tasteatlas.com/sweet-pastry,Vatrushka,4.3,,,,"Vatrushka is a popular Russian ring-shaped pastry that is usually filled with sweet cottage cheese and topped with raisins or other pieces of fruit, although it can also be made with fruit jams or meat. The name of the pastry is borrowed from the ...",https://www.tasteatlas.com/vatrushka/wheretoeat,,,,,,,,,,,,,,,,,,
https://www.tasteatlas.com/ptichye-moloko,https://cdn.tasteatlas.com//Images/Dishes/8b6d4b5d804d4a1f8124c51328b72e74.jpg?mw=660,24,Cake,https://www.tasteatlas.com/cakes,Ptichye moloko,4.2,Best in   (Moscow),Praga,https://www.tasteatlas.com/Praga,"One of Russia's most beloved desserts,  is a decadent cake famous for its reversed cake-to-filling ratio: the thick, but exceptionally light, almost soufflé-like layers of silky custard are separated by thin, fluffy, ...",https://www.tasteatlas.com/ptichye-moloko/wheretoeat,ptichye moloko,,,,,,,,,,,,,https://www.tasteatlas.com/moscow,,Moscow,,
https://www.tasteatlas.com/pozharsky-cutlet,https://cdn.tasteatlas.com//Images/Dishes/3ea00af5a80b497c8713f32bf9244395.jpg?mw=660,25,Fried Chicken Dish,https://www.tasteatlas.com/fried-chicken-dishes,Pozharsky Cutlet,4.4,Best in   (Torzhok),Yurves,https://www.tasteatlas.com/yurves,"Pozharsky cutlet is a traditional Russian dish originating from the 19th century. It is named after prince Pozharsky, who was having important guests for dinner at the time. As there was no veal, his guests' favorite, the prince ordered the chefs ...",https://www.tasteatlas.com/pozharsky-cutlet/wheretoeat,,https://www.tasteatlas.com/Chicken,https://cdn.tasteatlas.com/images/ingredientgroups/cc2384e25f3c4d52be5abe779ef2ad9b.png?h=120&w=120,https://www.tasteatlas.com/Breads,https://cdn.tasteatlas.com/images/dishgroups/1cf6c4cfb4354189b4bc5bb6a46ad000.png?h=120&w=120,https://www.tasteatlas.com/Butter,https://cdn.tasteatlas.com/images/ingredientgroups/82d84a396a544682bb2954283d8666e6.png?h=120&w=120,https://www.tasteatlas.com/Cream,https://cdn.tasteatlas.com/images/ingredientgroups/a76acdd303af40d8a855f274ac9ac6d4.png?h=120&w=120,https://www.tasteatlas.com/Onions,https://cdn.tasteatlas.com/images/ingredientgroups/bf73aa24e1b745988f43388bbdd27322.png?h=120&w=120,https://www.tasteatlas.com/oil,https://cdn.tasteatlas.com/images/ingredientgroups/de5ec455464d4e0494c0f9ec4d2b1b1d.png?h=120&w=120,,,,,
https://www.tasteatlas.com/coulibiac,https://cdn.tasteatlas.com//Images/Dishes/97f59a7ef75042bba78313420da3a9e2.jpg?mw=660,26,Savory Pie,https://www.tasteatlas.com/savory-pies,Coulibiac,4.6,Best in   (Suzdal),Gnezdo Pekarya,https://www.tasteatlas.com/gnezdo-pekarya,"Coulibiac is a Russian pie characterized by its oblong shape and various fillings such as salmon and buckwheat, cabbage with mushrooms and onions, or ground meat with rice and eggs. The pie is usually made with yeast dough, and the quantity of fil...",https://www.tasteatlas.com/coulibiac/wheretoeat,,,,,,,,,,,,,,,,,,
https://www.tasteatlas.com/oladyi,https://cdn.tasteatlas.com//Images/Dishes/8cb0064f72ea4968b6a6aa8a48573170.jpg?mw=660,27,Pancake,https://www.tasteatlas.com/pancakes,Oladyi,4.2,Best in   (Krasnoyarsk),Bulgakov,https://www.tasteatlas.com/bulgakov,"Small, but packed with flavor, the batter for these famous Russian pancakes differs from those for traditional pancakes as it is prepared with kefir, a fermented milk product with a slightly sour taste. Aside from kefir, the remaining ingredients ...",https://www.tasteatlas.com/oladyi/wheretoeat,,,,,,,,,,,,,,,,,,
https://www.tasteatlas.com/dressed-herring,https://cdn.tasteatlas.com//images/dishes/f55d680b15c747ab96b66709e1589599.jpg?mw=660,28,Salad,https://www.tasteatlas.com/Salads,Herring Under a Fur Coat (Shuba),3.3,Best in   (Moscow),Grably,https://www.tasteatlas.com/grably,"Shuba or  is a unique Russian salad consisting of three distinctive layers: salted herring, potatoes, and beets. The salad often has more than three layers, mostly consisting of apples, onions, or hard-boiled eggs....",https://www.tasteatlas.com/dressed-herring/wheretoeat,herring under a fur coat,https://www.tasteatlas.com/preserved-herrings,https://cdn.tasteatlas.com/images/ingredientgroups/b5ce5e3a128a4cc1b6631bd0bfea0b6e.png?h=120&w=120,https://www.tasteatlas.com/Potatoes,https://cdn.tasteatlas.com/images/ingredientgroups/282779ae12bd41c8b1470862a313c360.png?h=120&w=120,https://www.tasteatlas.com/Beets,https://cdn.tasteatlas.com/images/ingredientgroups/39144d113fc342b79457b9bc0a850b95.png?h=120&w=120,https://www.tasteatlas.com/Apples,https://cdn.tasteatlas.com/images/ingredientgroups/3cf0f707ed454ef7910b788cdf8243ef.png?h=120&w=120,https://www.tasteatlas.com/Onions,https://cdn.tasteatlas.com/images/ingredientgroups/bf73aa24e1b745988f43388bbdd27322.png?h=120&w=120,https://www.tasteatlas.com/Eggs,https://cdn.tasteatlas.com/images/ingredientgroups/68062afe91e64f1ba087f7caf87a7fdb.png?h=120&w=120,,,,,
https://www.tasteatlas.com/zefir,https://cdn.tasteatlas.com//Images/Dishes/de251778b07240a4bc50fc5f4c6ef465.jpg?mw=660,29,Dessert,https://www.tasteatlas.com/Desserts,Zefir,4.1,Best in   (Moscow),#SibirSibir,https://www.tasteatlas.com/sibirsibir,"Zefir is a popular dessert prepared throughout the former Soviet Union, similar to marshmallows in texture and consisting of puréed apples or other fruits, pectin, and whipped egg whites. Because it contains virtually no fat, it is consider...",https://www.tasteatlas.com/zefir/wheretoeat,,,,,,,,,,,,,,,,,,
https://www.tasteatlas.com/smetannik,https://cdn.tasteatlas.com//images/dishes/4fae41a25e454a83bf7a5b29320d4532.jpg?mw=660,30,Cake,https://www.tasteatlas.com/cakes,Smetannik,4.6,Best in   (Moscow),Gorynych,https://www.tasteatlas.com/gorynych,"Smetannik is a traditional Russian layer cake. It's usually made with a combination of flour, sugar, eggs, honey, and a sour cream frosting consisting of sour cream, vanilla, cream cheese, and milk. The cake is traditionally made in a deep pan. On...",https://www.tasteatlas.com/smetannik/wheretoeat,,,,,,,,,,,,,,,,,,
https://www.tasteatlas.com/limonnik,https://cdn.tasteatlas.com//images/dishes/896b70d6db904315b7ce3d80179b4987.jpg?mw=660,31,Sweet Pie,https://www.tasteatlas.com/sweet-pies,Limonnik,,,,,"Limonnik is a refreshing Russian pie that is perfect for the summer heat. It is quite aromatic, and its taste is slightly sour due to the usage of crushed lemons with their peel intact. The pie is made with a shortcrust pastry shell that is filled...",https://www.tasteatlas.com/limonnik/wheretoeat,,,,,,,,,,,,,,,,,,n/a
https://www.tasteatlas.com/syrniki,https://cdn.tasteatlas.com//Images/Dishes/562019a30c794a4e81209548787ca8a7.jpg?mw=660,32,Pancake,https://www.tasteatlas.com/pancakes,Syrniki,4.5,Best in   (Saint Petersburg),Mechtateli,https://www.tasteatlas.com/mechtateli,"Syrniki is a popular Russian dessert consisting of fried cottage cheese pancakes that are usually garnished with honey, fruit jam, sour cream, or applesauce. Cottage cheese is traditionally first swetened with sugar, then combined with flour into ...",https://www.tasteatlas.com/syrniki/wheretoeat,,https://www.tasteatlas.com/cheese-curd,https://cdn.tasteatlas.com/images/ingredientgroups/1bd2188b9ce448ef99e32e5f4475ee2d.png?h=120&w=120,https://www.tasteatlas.com/Flour,https://cdn.tasteatlas.com/images/ingredientgroups/6980492bc1fb48d292831ababd8816c3.png?h=120&w=120,https://www.tasteatlas.com/Sugar,https://cdn.tasteatlas.com/images/ingredientgroups/ae857e2ec0504a6590b41c0000f6678c.png?h=120&w=120,https://www.tasteatlas.com/Salt,https://cdn.tasteatlas.com/images/ingredientgroups/812de2786a274b7e85a4c54cc0fb40d2.png?h=120&w=120,https://www.tasteatlas.com/oil,https://cdn.tasteatlas.com/images/ingredientgroups/de5ec455464d4e0494c0f9ec4d2b1b1d.png?h=120&w=120,https://www.tasteatlas.com/Honey,https://cdn.tasteatlas.com/images/ingredientgroups/a5a217a77bba4b058da954c06e385041.png?h=120&w=120,,,,,
https://www.tasteatlas.com/kurnik,https://cdn.tasteatlas.com//images/dishes/e0b532bdfd77482f84c1c1288cbd99dc.jpg?mw=660,33,Savory Pie,https://www.tasteatlas.com/savory-pies,Kurnik,,,,,Kurnik is a festive variety of traditional Russian —a pie made from various types of dough that is filled with either sweet or savory ingredients. This special variety consists of a pastry shell that is shaped into a large dome...,https://www.tasteatlas.com/kurnik/wheretoeat,pirog,https://www.tasteatlas.com/Flour,https://cdn.tasteatlas.com/images/ingredientgroups/6980492bc1fb48d292831ababd8816c3.png?h=120&w=120,https://www.tasteatlas.com/Butter,https://cdn.tasteatlas.com/images/ingredientgroups/82d84a396a544682bb2954283d8666e6.png?h=120&w=120,https://www.tasteatlas.com/Eggs,https://cdn.tasteatlas.com/images/ingredientgroups/68062afe91e64f1ba087f7caf87a7fdb.png?h=120&w=120,https://www.tasteatlas.com/cream-cheeses,https://cdn.tasteatlas.com/images/ingredientgroups/2c43b723665a4ffebeb3d58fab993d20.png?h=120&w=120,https://www.tasteatlas.com/Chicken,https://cdn.tasteatlas.com/images/ingredientgroups/cc2384e25f3c4d52be5abe779ef2ad9b.png?h=120&w=120,https://www.tasteatlas.com/Mushrooms,https://cdn.tasteatlas.com/images/ingredientgroups/3be243024e714da6bca45d9377397805.png?h=120&w=120,,,,,n/a
https://www.tasteatlas.com/sushki,https://cdn.tasteatlas.com//Images/Dishes/d69ae72f557e47a0adc88f4fa99afed2.jpg?mw=660,34,Snack,https://www.tasteatlas.com/Snacks,Sushki,3.8,,,,"Sushki are traditional Russian snacks made from sweet dough, shaped into small rings. They consist of flour, eggs, water, sugar, and salt. The name  is derived from the Russian word , meaning , referrin...",https://www.tasteatlas.com/sushki/wheretoeat,sushki,,,,,,,,,,,,,,,,,
https://www.tasteatlas.com/rasstegai,https://cdn.tasteatlas.com//images/dishes/14cbdf30cc9e465baa7c6f8d3cbf2906.jpg?mw=660,35,Savory Pastry,https://www.tasteatlas.com/savory-pastry,Rasstegai,,Best in   (Moscow),Café Pushkin,https://www.tasteatlas.com/CafePushkin,"Rasstegai is a traditional Russian pastry with a hole in the center, which is stuffed with a wide variety of fillings – from liver with eggs to rice with mushrooms. However, the traditional stuffing is minced fish such as sturgeon or salmon....",https://www.tasteatlas.com/rasstegai/wheretoeat,,https://www.tasteatlas.com/Flour,https://cdn.tasteatlas.com/images/ingredientgroups/6980492bc1fb48d292831ababd8816c3.png?h=120&w=120,https://www.tasteatlas.com/Butter,https://cdn.tasteatlas.com/images/ingredientgroups/82d84a396a544682bb2954283d8666e6.png?h=120&w=120,https://www.tasteatlas.com/yeasts,https://cdn.tasteatlas.com/images/ingredientgroups/805b01e32cd74f6fbdc87146dbad384f.png?h=120&w=120,https://www.tasteatlas.com/Eggs,https://cdn.tasteatlas.com/images/ingredientgroups/68062afe91e64f1ba087f7caf87a7fdb.png?h=120&w=120,https://www.tasteatlas.com/salmon,https://cdn.tasteatlas.com/images/ingredientgroups/22af2005e0a4498f999ee4db2d1eb02d.png?h=120&w=120,https://www.tasteatlas.com/trout,https://cdn.tasteatlas.com/images/ingredientgroups/2fbc6fd5adf14320baff5ca728b452de.png?h=120&w=120,,,,OR,n/a
https://www.tasteatlas.com/mimoza-salad,https://cdn.tasteatlas.com//images/dishes/bc9d6b8b74284e56be307238ff513fbc.jpg?mw=660,36,Salad,https://www.tasteatlas.com/Salads,Mimoza Salad,3.8,Best in   (Moscow),Varenichnaya №1,https://www.tasteatlas.com/Varenichnaya1,"Mimoza is a traditional Russian salad. It's prepared by layering different ingredients, and each one is separated by a light layer of mayonnaise. The ingredients include canned and mashed fish such as tuna, mackerel, salmon, or trout, boiled egg w...",https://www.tasteatlas.com/mimoza-salad/wheretoeat,,,,,,,,,,,,,,,,,,
https://www.tasteatlas.com/guriev-kasha,https://cdn.tasteatlas.com//Images/Dishes/ee9e9e018e7549099bf4cba028eeeb93.jpg?mw=660,37,Porridge,https://www.tasteatlas.com/Porridge,Guriev kasha,4.8,Best in   (Moscow),Grand Cafe Dr. Zhivago,https://www.tasteatlas.com/DrZhivago,"Guriev kasha is a traditional Russian semolina porridge. Unlike more typical porridge varieties, Guriev kasha is not merely cooked in milk–instead, milk or cream is baked in the oven, and the crust which is formed on top is removed and used ...",https://www.tasteatlas.com/guriev-kasha/wheretoeat,,,,,,,,,,,,,,,,,,
https://www.tasteatlas.com/pelmeni-s-gribami,https://www.tasteatlas.com/content/layout/images/thumbnail-no-photo-4.jpg,38,Dumplings,https://www.tasteatlas.com/Dumplings,Pelmeni s gribami,3.8,,,,,https://www.tasteatlas.com/pelmeni-s-gribami/wheretoeat,,,,,,,,,,,,,,https://www.tasteatlas.com/perm,https://cdn.tasteatlas.com/images/emblems/96d48467b3044f26b0dbd9f0c6aeebd8.png,Perm,,
https://www.tasteatlas.com/konigsberger-klopse,https://cdn.tasteatlas.com//images/dishes/5c01db95cd724e9aaa19997b8ddf19a2.jpg?mw=660,39,Meatballs,https://www.tasteatlas.com/meatballs,Königsberger Klopse,4.0,Best in   (Kaliningrad),Zötler,https://www.tasteatlas.com/zotler,"Königsberger Klopse is a savory meal consisting of meatballs in a white sauce served with a side of boiled potatoes and sliced pickled beets. Similar dishes have existed since the Middle Ages, but klopse (lit. meatballs) were invented in K&ou...",https://www.tasteatlas.com/konigsberger-klopse/wheretoeat,,,,,,,,,,,,,,https://www.tasteatlas.com/kaliningrad,https://cdn.tasteatlas.com/images/emblems/870b8b27e5854e368bbdea64e84b75c4.png,Kaliningrad,,
https://www.tasteatlas.com/stroganina,https://cdn.tasteatlas.com//images/dishes/b3f2eb1064504fdab61b81c3940f634b.jpg?mw=660,40,Appetizer,https://www.tasteatlas.com/Appetizers,Stroganina,,Best in   (Yakutsk),Chochur Muran,https://www.tasteatlas.com/chochur-muran,"Stroganina is the Russian version of sashimi. It is prepared with a whole fish that is frozen raw after which it is skinned and cut with a sharp knife into incredibly thin slices. The pieces naturally curl, and they should be served immediately af...",https://www.tasteatlas.com/stroganina/wheretoeat,,,,,,,,,,,,,,https://www.tasteatlas.com/sakha-republic,https://cdn.tasteatlas.com/images/emblems/bca5c9f413ab473fbec051908bc6db01.png,Sakha Republic,,n/a
https://www.tasteatlas.com/sukhariki,https://www.tasteatlas.com/content/layout/images/thumbnail-no-photo-4.jpg,41,Cookie,https://www.tasteatlas.com/Cookies,Sukhariki,4.4,,,,"Sukhariki are traditional Russian cookies made with a combination of flour, baking powder, salt, sugar, eggs, orange juice and zest, vanilla, walnuts, and raisins. The dough is shaped into flat logs, brushed with egg whites, sprinkled with sugar, ...",https://www.tasteatlas.com/sukhariki/wheretoeat,,,,,,,,,,,,,,,,,,
https://www.tasteatlas.com/kholodets,https://cdn.tasteatlas.com//images/dishes/fd3a2411c0bd44f8bef1eae9c41c088e.jpg?mw=660,42,Appetizer,https://www.tasteatlas.com/Appetizers,Kholodets,3.6,Best in   (Moscow),Restaurant Babel,https://www.tasteatlas.com/restaurant-babel,"Kholodets is a traditional Russian dish consisting of meat in gelatine. The name is derived from the Russian word , meaning , referring to the fact that kholodets is always served cold. It is believed that the dish gain...",https://www.tasteatlas.com/kholodets/wheretoeat,kholod,,,,,,,,,,,,,,,,,
https://www.tasteatlas.com/mushroom-julienne,https://cdn.tasteatlas.com//Images/Dishes/5e4f6de784714a0e82d80e5394cc6167.jpg?mw=660,43,Cheese Dish,https://www.tasteatlas.com/cheese-dishes,Mushroom Julienne,4.3,Best in   (Saint Petersburg),Restaurant Fontanka 30,https://www.tasteatlas.com/restaurant-fontanka-30,"Mushroom julienne is a Russian appetizer consisting of thinly sliced mushrooms, onions, cream, cheese, and sour cream. The dish is often flavored with white wine, nutmeg, and ground pepper. Although it is traditionally served as an appetizer in sm...",https://www.tasteatlas.com/mushroom-julienne/wheretoeat,,https://www.tasteatlas.com/Mushrooms,https://cdn.tasteatlas.com/images/ingredientgroups/3be243024e714da6bca45d9377397805.png?h=120&w=120,https://www.tasteatlas.com/shallots,https://cdn.tasteatlas.com/images/ingredientgroups/b754048f184446f79a4136e478886073.png?h=120&w=120,https://www.tasteatlas.com/canola-oils,https://cdn.tasteatlas.com/images/ingredientgroups/2f44fc8e9ce447e58ac245fd6f0f2f61.png?h=120&w=120,https://www.tasteatlas.com/sour-cream,https://cdn.tasteatlas.com/images/ingredientgroups/929559246bc24b9597fcefe8eef305f7.png?h=120&w=120,https://www.tasteatlas.com/whipped-creams,https://cdn.tasteatlas.com/images/ingredientgroups/d411ef79c0124f5e9dc3ae178912f4b6.png?h=120&w=120,https://www.tasteatlas.com/mozzarella,https://cdn.tasteatlas.com/images/dishes/0f49880c948545228967a4db32b39d41.png?h=120&w=120,,,,,
https://www.tasteatlas.com/veal-orloff,https://cdn.tasteatlas.com//Images/Dishes/d996498ab5e947bbb054aa169b4b8af3.jpg?mw=660,44,Veal Dish,https://www.tasteatlas.com/veal-dishes,Veal Orloff,,,,,Veal Orloff is a traditional Russian dish originating from the 19th century. It consists of thinly sliced veal that is stuffed with pureed onions and mushrooms. The combination of these ingredients is topped with Mornay sauce and baked in an oven ...,https://www.tasteatlas.com/veal-orloff/wheretoeat,,,,,,,,,,,,,,,,,,n/a
https://www.tasteatlas.com/prianik,https://cdn.tasteatlas.com//Images/Dishes/62cdbcb1871d41688ef4f0c60b3b06f8.jpg?mw=660,45,Sweet Bread,https://www.tasteatlas.com/Sweet-breads,Prianik,3.8,Best in   (Tula),Museum Tulskiy Prianik,https://www.tasteatlas.com/museum-tulskiy-prianik,"Prianik is a Russian sweet bread or a cookie that is flavored with spices such as cinnamon, ginger, cardamom, nutmeg, cumin, and anise. It is often filled with various fruit jams and caramelized or condensed milk. The first prianik was made only w...",https://www.tasteatlas.com/prianik/wheretoeat,,,,,,,,,,,,,,https://www.tasteatlas.com/tula,https://cdn.tasteatlas.com/images/emblems/ac43aa56a23645828c22396a1f3240c1.png,Tula,,
https://www.tasteatlas.com/sugudai,https://cdn.tasteatlas.com//images/dishes/dd6ba20406b44bc4b0156bc578bc68b9.jpg?mw=660,46,Fish Dish,https://www.tasteatlas.com/Fish-dishes,Sugudai,,Best in   (Krasnoyarsk),Bulgakov,https://www.tasteatlas.com/bulgakov,"Sugudai is a Russian fish dish that originates from Siberia. It consists of pieces of raw fish such as , , or  that are cut into larger chunks and are then seasoned and topped with spring onions, lemon ju...",https://www.tasteatlas.com/sugudai/wheretoeat,muksun,,,,,,,,,,,,,https://www.tasteatlas.com/sakha-republic,https://cdn.tasteatlas.com/images/emblems/bca5c9f413ab473fbec051908bc6db01.png,Sakha Republic,,n/a
https://www.tasteatlas.com/napolyeon-tort,https://cdn.tasteatlas.com//images/dishes/b46e53eb07a5476e9cc90cc4fa92be16.jpg?mw=660,47,Cake,https://www.tasteatlas.com/cakes,Napolyeon tort,,,,,"Napolyeon tort is a traditional Russian cake consisting of layers of thin and flaky puff pastry and a rich and smooth pastry cream sandwiched between the layers. The layers are usually made with a combination of flour, salt, butter, white vinegar,...",https://www.tasteatlas.com/napolyeon-tort/wheretoeat,,,,,,,,,,,,,,,,,,n/a
https://www.tasteatlas.com/klotski,https://www.tasteatlas.com/content/layout/images/thumbnail-no-photo-4.jpg,48,Soup,https://www.tasteatlas.com/Soups,Klotski,,,,,"Klotski is a simple Russian dish consisting of a clear broth filled with flavorful potato dumplings. The dumplings are made from potatoes, flour, and eggs. Although the dish is Russian in origin, the dumplings are also popular in countries such as...",https://www.tasteatlas.com/klotski/wheretoeat,,https://www.tasteatlas.com/Flour,https://cdn.tasteatlas.com/images/ingredientgroups/6980492bc1fb48d292831ababd8816c3.png?h=120&w=120,https://www.tasteatlas.com/Potatoes,https://cdn.tasteatlas.com/images/ingredientgroups/282779ae12bd41c8b1470862a313c360.png?h=120&w=120,https://www.tasteatlas.com/Eggs,https://cdn.tasteatlas.com/images/ingredientgroups/68062afe91e64f1ba087f7caf87a7fdb.png?h=120&w=120,https://www.tasteatlas.com/Butter,https://cdn.tasteatlas.com/images/ingredientgroups/82d84a396a544682bb2954283d8666e6.png?h=120&w=120,https://www.tasteatlas.com/basil,https://cdn.tasteatlas.com/images/ingredientgroups/71d3ba7ab4d243b6bd51683ad625a2c6.png?h=120&w=120,https://www.tasteatlas.com/black-pepper,https://cdn.tasteatlas.com/images/ingredientgroups/deddb5ecf2b44e79a75ddcc05a5cc298.png?h=120&w=120,,,,,n/a
https://www.tasteatlas.com/cakcak,https://cdn.tasteatlas.com//images/dishes/bebdf09d913d4672aedd6d291f8992fe.jpg?mw=660,49,Dessert,https://www.tasteatlas.com/Desserts,Çäkçäk,,,,,"Çäkçäk or chak-chak is a traditional Russian dessert originating from Tatarstan. It's usually made from unleavened dough that's cut and rolled into small balls, and the balls are then deep-fried in hot oil. Dried fruits and...",https://www.tasteatlas.com/cakcak/wheretoeat,,,,,,,,,,,,,,https://www.tasteatlas.com/tatarstan,https://cdn.tasteatlas.com/images/emblems/f4362e50ddc64f9d8f4dadb087156605.png,Tatarstan,,n/a
https://www.tasteatlas.com/buuz-buryatia,https://cdn.tasteatlas.com//Images/Dishes/a2f67a2c61d64866a94efef327a949b7.jpg?mw=660,50,Dumplings,https://www.tasteatlas.com/Dumplings,Buuz,,,,,"Buuz is a traditional Mongolian and Buryatian steamed dumpling filled with meat such as beef or mutton. The meat is usually seasoned with salt, onions, garlic, and fresh herbs. The dumplings are prepared in large quantities and are consumed throug...",https://www.tasteatlas.com/buuz-buryatia/wheretoeat,,https://www.tasteatlas.com/Beef,https://cdn.tasteatlas.com/images/ingredientgroups/3db7b6f60a934bc89f41a0c51acd08ac.png?h=120&w=120,https://www.tasteatlas.com/mutton,https://cdn.tasteatlas.com/images/ingredientgroups/82790d17b4894b93847171b62d7fdfb4.png?h=120&w=120,https://www.tasteatlas.com/Flour,https://cdn.tasteatlas.com/images/ingredientgroups/6980492bc1fb48d292831ababd8816c3.png?h=120&w=120,https://www.tasteatlas.com/Onions,https://cdn.tasteatlas.com/images/ingredientgroups/bf73aa24e1b745988f43388bbdd27322.png?h=120&w=120,https://www.tasteatlas.com/scallions,https://cdn.tasteatlas.com/images/ingredientgroups/b67f7d1375b542e6983e7b9d3750603f.png?h=120&w=120,https://www.tasteatlas.com/garlic,https://cdn.tasteatlas.com/images/ingredientgroups/5863714d901146c094f8228eb52c1fcb.png?h=120&w=120,https://www.tasteatlas.com/buryatia,https://cdn.tasteatlas.com/images/emblems/a29ecd5258804e66a7a22f2b7759d0dc.png,Buryatia,OR,n/a
https://www.tasteatlas.com/perepechi,https://cdn.tasteatlas.com//images/dishes/249381205a25456d8c89460272045d70.jpg?mw=660,51,Savory Pie,https://www.tasteatlas.com/savory-pies,Perepechi,,,,,"Perepechi is a traditional Russian pie originating from the region of Udmurtia. These open Udmurt pie shells have pinched edges and are filled with various ingredients such as ground beef, mushrooms, eggs, onions, milk, salt, and pepper. The shell...",https://www.tasteatlas.com/perepechi/wheretoeat,,https://www.tasteatlas.com/rye-flours,https://cdn.tasteatlas.com/images/ingredientgroups/817f5911af674d3da45eed32eb3fd491.png?h=120&w=120,https://www.tasteatlas.com/wheat-flours,https://cdn.tasteatlas.com/images/ingredientgroups/9766be3d2b5d4b57a73472bfa5bb9092.png?h=120&w=120,https://www.tasteatlas.com/Butter,https://cdn.tasteatlas.com/images/ingredientgroups/82d84a396a544682bb2954283d8666e6.png?h=120&w=120,https://www.tasteatlas.com/Eggs,https://cdn.tasteatlas.com/images/ingredientgroups/68062afe91e64f1ba087f7caf87a7fdb.png?h=120&w=120,https://www.tasteatlas.com/Beef,https://cdn.tasteatlas.com/images/ingredientgroups/3db7b6f60a934bc89f41a0c51acd08ac.png?h=120&w=120,https://www.tasteatlas.com/Mushrooms,https://cdn.tasteatlas.com/images/ingredientgroups/3be243024e714da6bca45d9377397805.png?h=120&w=120,https://www.tasteatlas.com/udmurtia,https://cdn.tasteatlas.com/images/emblems/4df7ef9fa5fc422782df9fa5a9c6da39.png,Udmurtia,,n/a
https://www.tasteatlas.com/avar-khinkal,https://cdn.tasteatlas.com//images/dishes/e35ac8715e734d06b10c37d2b0a1f456.jpg?mw=660,52,Meat Dish,https://www.tasteatlas.com/Meat-dishes,Avar khinkal,,,,,"Avar khinkal is a traditional Russian dish originating from Dagestan. The dish consists of boiled lamb (or beef) with pieces of dough on the side. Every ethnic group in Dagestan has their own way of cooking the dish, and Avars traditionally cut th...",https://www.tasteatlas.com/avar-khinkal/wheretoeat,,https://www.tasteatlas.com/Beef,https://cdn.tasteatlas.com/images/ingredientgroups/3db7b6f60a934bc89f41a0c51acd08ac.png?h=120&w=120,https://www.tasteatlas.com/Lamb,https://cdn.tasteatlas.com/images/ingredientgroups/6303dec1aa394f72b07b8bf7e4572177.png?h=120&w=120,https://www.tasteatlas.com/Tomatoes,https://cdn.tasteatlas.com/images/ingredientgroups/72ddcc5fa8d7439d9f190499aa559132.png?h=120&w=120,https://www.tasteatlas.com/Butter,https://cdn.tasteatlas.com/images/ingredientgroups/82d84a396a544682bb2954283d8666e6.png?h=120&w=120,https://www.tasteatlas.com/garlic,https://cdn.tasteatlas.com/images/ingredientgroups/5863714d901146c094f8228eb52c1fcb.png?h=120&w=120,https://www.tasteatlas.com/Flour,https://cdn.tasteatlas.com/images/ingredientgroups/6980492bc1fb48d292831ababd8816c3.png?h=120&w=120,https://www.tasteatlas.com/dagestan,,Dagestan,OR,n/a
https://www.tasteatlas.com/russian-cucumber-and-radish-salad,https://cdn.tasteatlas.com//images/dishes/eeacbdf996ad46dbaaa1657460c9ef8e.jpg?mw=660,53,Salad,https://www.tasteatlas.com/Salads,Russian Cucumber and Radish Salad,3.9,,,,"This classic Russian salad is very easy to prepare, preferably with fresh, seasonal ingredients. It is characterized by its crunchy texture and consists of thinly sliced radishes and cucumbers that are tossed with a creamy combination of sour crea...",https://www.tasteatlas.com/russian-cucumber-and-radish-salad/wheretoeat,,https://www.tasteatlas.com/Cucumbers,https://cdn.tasteatlas.com/images/ingredientgroups/4130274c7033414bad32e0540631ff2d.png?h=120&w=120,https://www.tasteatlas.com/radishes,https://cdn.tasteatlas.com/images/ingredientgroups/b5fc9e4af2ca4f48a844773d630190f8.png?h=120&w=120,https://www.tasteatlas.com/chives,https://cdn.tasteatlas.com/images/ingredientgroups/aed2da4a6a53446290f56faab8c7e36b.png?h=120&w=120,https://www.tasteatlas.com/dill,https://cdn.tasteatlas.com/images/ingredientgroups/8384c9ba7c584ab2901cac3361e56fea.png?h=120&w=120,https://www.tasteatlas.com/garlic,https://cdn.tasteatlas.com/images/ingredientgroups/5863714d901146c094f8228eb52c1fcb.png?h=120&w=120,https://www.tasteatlas.com/sour-cream,https://cdn.tasteatlas.com/images/ingredientgroups/929559246bc24b9597fcefe8eef305f7.png?h=120&w=120,,,,,
https://www.tasteatlas.com/mishka-na-severe,https://www.tasteatlas.com/content/layout/images/thumbnail-no-photo-2.jpg,54,Cake,https://www.tasteatlas.com/cakes,Mishka na severe,,,,,"Mishka na severe or  started as an iconic Soviet candy from Leningrad, but over time it's been made into a cake inspired by the candy's flavors. Although there's no standard recipe, and every household had its own version...",https://www.tasteatlas.com/mishka-na-severe/wheretoeat,Bear in the North,,,,,,,,,,,,,,,,,n/a
https://www.tasteatlas.com/indigirka-salad,https://www.tasteatlas.com/content/layout/images/thumbnail-no-photo-2.jpg,55,Salad,https://www.tasteatlas.com/Salads,Indigirka Salad,,Best in   (Yakutsk),Tygyn Darkhan,https://www.tasteatlas.com/tygyn-darkhan,"Indigirka is a Russian fish salad that has its origins in Yakutia (Sakha). It consists of diced frozen fish that is combined with onions, oil, salt, and pepper. The salad is typically made from whitefish such as  or , ...",https://www.tasteatlas.com/indigirka-salad/wheretoeat,nelma,,,,,,,,,,,,,https://www.tasteatlas.com/sakha-republic,https://cdn.tasteatlas.com/images/emblems/bca5c9f413ab473fbec051908bc6db01.png,Sakha Republic,,n/a
https://www.tasteatlas.com/khychin,https://cdn.tasteatlas.com//images/dishes/b99beca5ac6c401292b14c33ed23fd34.jpg?mw=660,56,Flatbread,https://www.tasteatlas.com/Flatbreads,Khychin,,,,,"Khychin is a traditional Russian filled flatbread originating from the regions of Kabardino-Balkaria and Karachay-Cherkessia. This thin flatbread is made from unleavened dough and it's filled with boiled potatoes, local cheese, or meat with fresh ...",https://www.tasteatlas.com/khychin/wheretoeat,,https://www.tasteatlas.com/Flour,https://cdn.tasteatlas.com/images/ingredientgroups/6980492bc1fb48d292831ababd8816c3.png?h=120&w=120,https://www.tasteatlas.com/ayran,https://cdn.tasteatlas.com/images/dishes/8b6ccfe677e24992880e064ba9fad9a7.png?h=120&w=120,https://www.tasteatlas.com/kefir,https://cdn.tasteatlas.com/images/dishes/bad6e56265364052bb5ceafc8bcf2d7a.png?h=120&w=120,https://www.tasteatlas.com/Potatoes,https://cdn.tasteatlas.com/images/ingredientgroups/282779ae12bd41c8b1470862a313c360.png?h=120&w=120,https://www.tasteatlas.com/Cheese,https://cdn.tasteatlas.com/images/ingredientgroups/764215a242064199930b80927dfbc2f0.png?h=120&w=120,https://www.tasteatlas.com/Lamb,https://cdn.tasteatlas.com/images/ingredientgroups/6303dec1aa394f72b07b8bf7e4572177.png?h=120&w=120,https://www.tasteatlas.com/kabardino-balkaria,https://cdn.tasteatlas.com/images/emblems/4833f7304567495d804aae49c6b51255.png,Kabardino-Balkaria,OR,n/a
https://www.tasteatlas.com/echpochmak,https://cdn.tasteatlas.com//images/dishes/6d09bd01b7ae41fe8e52a1d7c9014ef0.jpg?mw=660,57,Savory Pastry,https://www.tasteatlas.com/savory-pastry,Echpochmak,,,,,"Echpochmak is a traditional Russian pastry originating from Tatarstan. This Tatar and Bashkir pastry consists of yeasted dough that's stuffed with potatoes, meat, and onions. The dough is usually made with a mixture of milk, eggs, flour, butter, s...",https://www.tasteatlas.com/echpochmak/wheretoeat,,https://www.tasteatlas.com/Flour,https://cdn.tasteatlas.com/images/ingredientgroups/6980492bc1fb48d292831ababd8816c3.png?h=120&w=120,https://www.tasteatlas.com/sour-cream,https://cdn.tasteatlas.com/images/ingredientgroups/929559246bc24b9597fcefe8eef305f7.png?h=120&w=120,https://www.tasteatlas.com/Milk,https://cdn.tasteatlas.com/images/ingredientgroups/32cfca5acc5c40ef8daecc359371a43e.png?h=120&w=120,https://www.tasteatlas.com/Butter,https://cdn.tasteatlas.com/images/ingredientgroups/82d84a396a544682bb2954283d8666e6.png?h=120&w=120,https://www.tasteatlas.com/Eggs,https://cdn.tasteatlas.com/images/ingredientgroups/68062afe91e64f1ba087f7caf87a7fdb.png?h=120&w=120,https://www.tasteatlas.com/yeasts,https://cdn.tasteatlas.com/images/ingredientgroups/805b01e32cd74f6fbdc87146dbad384f.png?h=120&w=120,https://www.tasteatlas.com/tatarstan,https://cdn.tasteatlas.com/images/emblems/f4362e50ddc64f9d8f4dadb087156605.png,Tatarstan,,n/a
https://www.tasteatlas.com/elesh,https://cdn.tasteatlas.com//images/dishes/4bf505cdb08f43ecafa09fad2a65faaa.jpg?mw=660,58,Savory Pastry,https://www.tasteatlas.com/savory-pastry,Elesh,,,,,"Elesh is a traditional Russian pastry originating from Tatarstan. This Tatar pastry consists of dough that's usually stuffed with chicken, onions, salt, pepper, and potatoes. The dough is made with a combination of flour, eggs, sugar, salt, baking...",https://www.tasteatlas.com/elesh/wheretoeat,,https://www.tasteatlas.com/Flour,https://cdn.tasteatlas.com/images/ingredientgroups/6980492bc1fb48d292831ababd8816c3.png?h=120&w=120,https://www.tasteatlas.com/Eggs,https://cdn.tasteatlas.com/images/ingredientgroups/68062afe91e64f1ba087f7caf87a7fdb.png?h=120&w=120,https://www.tasteatlas.com/Butter,https://cdn.tasteatlas.com/images/ingredientgroups/82d84a396a544682bb2954283d8666e6.png?h=120&w=120,https://www.tasteatlas.com/sour-cream,https://cdn.tasteatlas.com/images/ingredientgroups/929559246bc24b9597fcefe8eef305f7.png?h=120&w=120,https://www.tasteatlas.com/baking-powder,https://cdn.tasteatlas.com/images/ingredientgroups/f7e7555a30e44b63993b9aa893fd064c.png?h=120&w=120,https://www.tasteatlas.com/Chicken,https://cdn.tasteatlas.com/images/ingredientgroups/cc2384e25f3c4d52be5abe779ef2ad9b.png?h=120&w=120,https://www.tasteatlas.com/tatarstan,https://cdn.tasteatlas.com/images/emblems/f4362e50ddc64f9d8f4dadb087156605.png,Tatarstan,,n/a
https://www.tasteatlas.com/anke-pie,https://cdn.tasteatlas.com//images/dishes/86624aab24aa437387e9d3e25e63a2fa.jpg?mw=660,59,Sweet Pie,https://www.tasteatlas.com/sweet-pies,Anke Pie,,,,,"Anke pie is a traditional sweet pie originating from Russia. It's usually made with a combination of flour, butter, sugar, eggs, lemon, and cold water. The dough is cooked three times with a mixture of flour, butter, sugar, water, and egg yolks. T...",https://www.tasteatlas.com/anke-pie/wheretoeat,,https://www.tasteatlas.com/Flour,https://cdn.tasteatlas.com/images/ingredientgroups/6980492bc1fb48d292831ababd8816c3.png?h=120&w=120,https://www.tasteatlas.com/Butter,https://cdn.tasteatlas.com/images/ingredientgroups/82d84a396a544682bb2954283d8666e6.png?h=120&w=120,https://www.tasteatlas.com/Eggs,https://cdn.tasteatlas.com/images/ingredientgroups/68062afe91e64f1ba087f7caf87a7fdb.png?h=120&w=120,https://www.tasteatlas.com/Sugar,https://cdn.tasteatlas.com/images/ingredientgroups/ae857e2ec0504a6590b41c0000f6678c.png?h=120&w=120,https://www.tasteatlas.com/Lemons,https://cdn.tasteatlas.com/images/ingredientgroups/e72116820fd94959b9d5e570b3df6316.png?h=120&w=120,https://www.tasteatlas.com/lemon-juices,https://cdn.tasteatlas.com/images/ingredientgroups/bbcffe4057b045df86c02995facd36b3.png?h=120&w=120,,,,,n/a
https://www.tasteatlas.com/kurze,https://www.tasteatlas.com/content/layout/images/thumbnail-no-photo-3.jpg,60,Dumplings,https://www.tasteatlas.com/Dumplings,Kurze,,,,,"Kurze are traditional Russian dumplings originating from the region of Dagestan. The dumplings are made in the shape of braids and they're usually filled with cottage cheese, potatoes, meat, and eggs. The dough is made with a combination of flour,...",https://www.tasteatlas.com/kurze/wheretoeat,,https://www.tasteatlas.com/Flour,https://cdn.tasteatlas.com/images/ingredientgroups/6980492bc1fb48d292831ababd8816c3.png?h=120&w=120,https://www.tasteatlas.com/Eggs,https://cdn.tasteatlas.com/images/ingredientgroups/68062afe91e64f1ba087f7caf87a7fdb.png?h=120&w=120,https://www.tasteatlas.com/Salt,https://cdn.tasteatlas.com/images/ingredientgroups/812de2786a274b7e85a4c54cc0fb40d2.png?h=120&w=120,https://www.tasteatlas.com/cottage-cheeses,https://cdn.tasteatlas.com/images/ingredientgroups/e176137b58cf40289899e813d0588113.png?h=120&w=120,https://www.tasteatlas.com/Beef,https://cdn.tasteatlas.com/images/ingredientgroups/3db7b6f60a934bc89f41a0c51acd08ac.png?h=120&w=120,https://www.tasteatlas.com/Veal,https://cdn.tasteatlas.com/images/ingredientgroups/e00edb320df14cf19120266635476549.png?h=120&w=120,https://www.tasteatlas.com/dagestan,,Dagestan,OR,n/a
https://www.tasteatlas.com/nevsky-pirog,https://www.tasteatlas.com/content/layout/images/thumbnail-no-photo-1.jpg,61,Cake,https://www.tasteatlas.com/cakes,Nevsky pirog,,,,,"Nevsky pirog is a traditional Russian sweet pie or a cake dating back to Soviet times, when it was regularly sold in small eateries or cafés, often by the slice. It is made from soft leavened dough that's soaked with syrup and filled with b...",https://www.tasteatlas.com/nevsky-pirog/wheretoeat,,,,,,,,,,,,,,https://www.tasteatlas.com/saint-petersburg,,Saint Petersburg,,n/a
https://www.tasteatlas.com/tabani,https://www.tasteatlas.com/content/layout/images/thumbnail-no-photo-1.jpg,62,Flatbread,https://www.tasteatlas.com/Flatbreads,Tabani,,,,,"Tabani is a traditional Russian flatbread originating from the region of Udmurtia. This type of thick pancake or flatbread is based on a sourdough batter that can be made from wheat or buckwheat flour. Other ingredients include water or milk, yeas...",https://www.tasteatlas.com/tabani/wheretoeat,,https://www.tasteatlas.com/buckwheat-flours,https://cdn.tasteatlas.com/images/ingredientgroups/65687bd7a597488b978b8c7f601967d1.png?h=120&w=120,https://www.tasteatlas.com/wheat-flours,https://cdn.tasteatlas.com/images/ingredientgroups/9766be3d2b5d4b57a73472bfa5bb9092.png?h=120&w=120,https://www.tasteatlas.com/Milk,https://cdn.tasteatlas.com/images/ingredientgroups/32cfca5acc5c40ef8daecc359371a43e.png?h=120&w=120,https://www.tasteatlas.com/Butter,https://cdn.tasteatlas.com/images/ingredientgroups/82d84a396a544682bb2954283d8666e6.png?h=120&w=120,https://www.tasteatlas.com/yeasts,https://cdn.tasteatlas.com/images/ingredientgroups/805b01e32cd74f6fbdc87146dbad384f.png?h=120&w=120,https://www.tasteatlas.com/Sugar,https://cdn.tasteatlas.com/images/ingredientgroups/ae857e2ec0504a6590b41c0000f6678c.png?h=120&w=120,https://www.tasteatlas.com/udmurtia,https://cdn.tasteatlas.com/images/emblems/4df7ef9fa5fc422782df9fa5a9c6da39.png,Udmurtia,OR,n/a
https://www.tasteatlas.com/bortsoki,https://www.tasteatlas.com/content/layout/images/thumbnail-no-photo-4.jpg,63,Fried Dough,https://www.tasteatlas.com/fried-dough,Bortsoki,,,,,"Bortsoki is a traditional Russian hybrid of buns and donuts that originated from the Kalmykia region. The dough is usually made with a combination of flour, eggs, milk or yogurt, margarine or butter, sugar, baking soda, and salt. There are many va...",https://www.tasteatlas.com/bortsoki/wheretoeat,,https://www.tasteatlas.com/Flour,https://cdn.tasteatlas.com/images/ingredientgroups/6980492bc1fb48d292831ababd8816c3.png?h=120&w=120,https://www.tasteatlas.com/Eggs,https://cdn.tasteatlas.com/images/ingredientgroups/68062afe91e64f1ba087f7caf87a7fdb.png?h=120&w=120,https://www.tasteatlas.com/Milk,https://cdn.tasteatlas.com/images/ingredientgroups/32cfca5acc5c40ef8daecc359371a43e.png?h=120&w=120,https://www.tasteatlas.com/yogurt,https://cdn.tasteatlas.com/images/dishes/242742c498304e40a7500080f677c360.png?h=120&w=120,https://www.tasteatlas.com/Butter,https://cdn.tasteatlas.com/images/ingredientgroups/82d84a396a544682bb2954283d8666e6.png?h=120&w=120,https://www.tasteatlas.com/margarines,https://cdn.tasteatlas.com/images/ingredientgroups/900d7d71fa824ada8195ea4484a12504.png?h=120&w=120,https://www.tasteatlas.com/kalmykia,https://cdn.tasteatlas.com/images/emblems/ddd3b5946d2441f5b3ee49df07f3466e.png,Kalmykia,OR,n/a
https://www.tasteatlas.com/talkish-kaleve,https://www.tasteatlas.com/content/layout/images/thumbnail-no-photo-2.jpg,64,Dessert,https://www.tasteatlas.com/Desserts,Talkish kaleve,,,,,"Talkish kaleve is a traditional Russian dessert originating from Tatarstan. These small pyramids are usually made with a combination of wheat flour, butter, honey, sugar, and water. The butter and flour are cooked in a pan, and the combination is ...",https://www.tasteatlas.com/talkish-kaleve/wheretoeat,,https://www.tasteatlas.com/wheat-flours,,https://www.tasteatlas.com/Honey,,https://www.tasteatlas.com/Butter,,https://www.tasteatlas.com/Sugar,,,,,,https://www.tasteatlas.com/tatarstan,,Tatarstan,,n/a
https://www.tasteatlas.com/kyorchekh,https://www.tasteatlas.com/content/layout/images/thumbnail-no-photo-3.jpg,65,Frozen Dessert,https://www.tasteatlas.com/frozen-desserts,Kyorchekh,,,,,"Kyorchekh is a traditional Russian dessert originating from the region of Yakutia. This simple dessert is often made by Yakuts, indigenous people who live in permafrost conditions. It consists of a few simple ingredients – sour cream, fresh ...",https://www.tasteatlas.com/kyorchekh/wheretoeat,,https://www.tasteatlas.com/sour-cream,,https://www.tasteatlas.com/Milk,,https://www.tasteatlas.com/Berries,,,,,,,,https://www.tasteatlas.com/yakutsk,,Yakutsk,,n/a